timesheet_id,employee_id,project_id,date,hours,type
TS00001,EMP002,PRJ023,19.08.2024,5.6,internal
TS00002,EMP008,PRJ013,23/01/2024,5.3,billable
TS00003,EMP007,PRJ030,17.12.2025,2.8,billable
TS00004,EMP004,PRJ011,14/11/2024,1.8,billable
TS00005,EMP013,PRJ026,22.07.2024,1.5,billable
TS00006,EMP010,PRJ008,04/08/2025,6.5,billable
TS00007,EMP021,PRJ022,2024-01-15,6.9,internal
TS00008,EMP015,PRJ010,21.03.2025,2.2,billable
TS00009,EMP018,PRJ031,21/04/2025,4.0,billable
TS00010,EMP003,PRJ018,08.04.2025,2.7,billable
TS00011,EMP016,PRJ021,05/07/2024,4.4,billable
TS00012,EMP023,PRJ018,2025-07-23,1.1,internal
TS00013,EMP018,PRJ016,08/12/2025,4.3,billable
TS00014,EMP008,PRJ026,09/12/2025,2.7,billable
TS00015,EMP014,PRJ022,26/12/2024,5.9,billable
TS00016,EMP011,PRJ008,2025-07-02,7.7,billable
TS00017,EMP024,PRJ034,2025-09-03,3.0,billable
TS00018,EMP010,PRJ001,2025-12-26,4.7,billable
TS00019,EMP005,PRJ032,15/04/2024,7.1,billable
TS00020,EMP002,PRJ017,06/05/2025,1.8,billable
TS00021,EMP002,PRJ010,2024-06-03,6.7,internal
TS00022,EMP025,PRJ027,12.09.2025,5.2,billable
TS00023,EMP010,PRJ028,08.11.2024,5.0,billable
TS00024,EMP021,PRJ014,2024-09-27,5.6,billable
TS00025,EMP014,PRJ029,2025-12-08,5.2,billable
TS00026,EMP015,PRJ005,04.12.2025,2.6,billable
TS00027,EMP007,PRJ028,29/04/2024,4.8,billable
TS00028,EMP006,PRJ020,01/09/2025,6.2,billable
TS00029,EMP010,PRJ026,2024-10-07,4.5,billable
TS00030,EMP024,PRJ021,10.09.2025,2.8,billable
TS00031,EMP001,PRJ018,13/08/2025,1.3,internal
TS00032,EMP009,PRJ012,2025-08-22,4.1,internal
TS00033,EMP011,PRJ007,13/06/2024,3.3,billable
TS00034,EMP025,PRJ003,2025-04-10,1.6,billable
TS00035,EMP017,PRJ001,2025-11-04,7.1,billable
TS00036,EMP025,PRJ032,02/10/2025,4.1,billable
TS00037,EMP015,PRJ032,2024-05-06,1.2,billable
TS00038,EMP001,PRJ027,2024-04-05,2.6,internal
TS00039,EMP005,PRJ032,25/10/2024,4.6,billable
TS00040,EMP018,PRJ010,27.01.2025,2.3,billable
TS00041,EMP009,PRJ027,2024-12-16,7.5,billable
TS00042,EMP019,PRJ032,03/06/2024,4.1,billable
TS00043,EMP015,PRJ021,12/07/2024,7.9,billable
TS00044,EMP002,PRJ021,29/04/2025,5.9,internal
TS00045,EMP021,PRJ010,22.05.2025,7.8,billable
TS00046,EMP015,PRJ007,2025-06-24,7.4,billable
TS00047,EMP005,PRJ005,25.04.2025,6.5,billable
TS00048,EMP011,PRJ035,24/01/2025,7.7,billable
TS00049,EMP003,PRJ016,2025-10-08,5.8,billable
TS00050,EMP004,PRJ007,2025-04-01,2.2,billable
TS00051,EMP010,PRJ023,20/01/2025,4.0,billable
TS00052,EMP006,PRJ012,21.03.2024,5.3,billable
TS00053,EMP005,PRJ015,17.04.2025,5.5,
TS00054,EMP010,PRJ035,10.06.2024,1.5,internal
TS00055,EMP023,PRJ017,14/04/2025,6.9,billable
TS00056,EMP013,PRJ023,2025-08-11,3.1,billable
TS00057,EMP009,PRJ001,2025-08-04,7.1,internal
TS00058,EMP010,PRJ015,2025-09-15,6.6,billable
TS00059,EMP024,PRJ009,2025-10-07,1.7,billable
TS00060,EMP019,PRJ024,14.05.2024,1.6,billable
TS00061,EMP018,PRJ024,2025-06-27,4.5,billable
TS00062,EMP016,PRJ019,2024-12-12,6.6,billable
TS00063,EMP022,PRJ026,2025-07-24,3.6,internal
TS00064,EMP012,PRJ017,21/08/2025,3.7,billable
TS00065,EMP001,PRJ021,16/09/2025,2.5,billable
TS00066,EMP014,PRJ008,23/05/2024,1.3,billable
TS00067,EMP018,PRJ009,03.02.2025,4.2,billable
TS00068,EMP019,PRJ010,28.02.2025,5.6,internal
TS00069,EMP002,PRJ024,12/08/2024,4.1,internal
TS00070,EMP018,PRJ023,2024-03-05,3.8,billable
TS00071,EMP003,PRJ014,2025-10-21,5.5,internal
TS00072,EMP005,PRJ014,11.03.2024,6.8,billable
TS00073,EMP011,PRJ010,2025-09-02,1.0,internal
TS00074,EMP006,PRJ008,07/11/2025,7.1,billable
TS00075,EMP011,PRJ002,27/06/2024,2.9,billable
TS00076,EMP016,PRJ029,07.01.2025,4.6,billable
TS00077,EMP024,PRJ034,2024-11-04,4.2,internal
TS00078,EMP014,PRJ007,2025-05-19,6.0,billable
TS00079,EMP005,PRJ018,01/10/2025,5.4,billable
TS00080,EMP010,PRJ030,03.06.2025,5.2,billable
TS00081,EMP025,PRJ014,18/03/2025,4.2,billable
TS00082,EMP024,PRJ007,18/11/2024,4.0,billable
TS00083,EMP016,PRJ005,2024-04-03,6.8,billable
TS00084,EMP005,PRJ004,25.08.2025,7.7,billable
TS00085,EMP022,PRJ028,22/02/2024,7.8,billable
TS00086,EMP005,PRJ031,19.08.2024,6.9,billable
TS00087,EMP019,PRJ015,17.03.2025,6.9,internal
TS00088,EMP001,PRJ018,30/01/2024,2.3,billable
TS00089,EMP006,PRJ010,04.08.2025,5.6,billable
TS00090,EMP024,PRJ034,2024-08-08,3.6,billable
TS00091,EMP025,PRJ006,2024-02-23,2.1,internal
TS00092,EMP022,PRJ028,2025-05-12,5.2,billable
TS00093,EMP014,PRJ008,17.10.2024,5.7,billable
TS00094,EMP013,PRJ004,2024-01-08,2.4,internal
TS00095,EMP004,PRJ001,26/05/2025,6.2,billable
TS00096,EMP018,PRJ023,14/03/2024,3.8,
TS00097,EMP011,PRJ028,12/08/2025,3.8,billable
TS00098,EMP011,PRJ011,24/09/2025,4.2,billable
TS00099,EMP008,PRJ028,26/08/2025,3.8,billable
TS00100,EMP025,PRJ011,19.03.2024,4.6,billable
TS00100,EMP025,PRJ011,19.03.2024,4.6,billable
TS00101,EMP012,PRJ010,2024-08-29,1.7,billable
TS00102,EMP021,PRJ005,02/07/2024,7.7,billable
TS00103,EMP015,PRJ021,06/10/2025,3.2,billable
TS00104,EMP009,PRJ004,26/12/2024,4.6,billable
TS00105,EMP010,PRJ005,22.10.2025,7.0,internal
TS00106,EMP019,PRJ003,2025-04-07,7.4,billable
TS00107,EMP005,PRJ004,08/04/2025,1.7,internal
TS00108,EMP021,PRJ012,12/02/2024,2.7,billable
TS00109,EMP012,PRJ024,16.10.2024,3.7,internal
TS00110,EMP021,PRJ022,08/03/2024,3.3,billable
TS00111,EMP022,PRJ010,09/12/2024,1.6,billable
TS00112,EMP022,PRJ026,14/05/2024,5.2,internal
TS00113,EMP011,PRJ009,17.11.2025,5.9,internal
TS00114,EMP022,PRJ028,2025-06-04,3.5,billable
TS00115,EMP025,PRJ032,2024-07-15,2.6,billable
TS00116,EMP017,PRJ035,23.06.2025,1.3,billable
TS00117,EMP006,PRJ012,2025-12-10,6.4,internal
TS00118,EMP012,PRJ016,01/04/2025,5.3,internal
TS00119,EMP016,PRJ013,13/01/2025,5.7,billable
TS00120,EMP013,PRJ033,2025-06-24,3.9,billable
TS00121,EMP009,PRJ004,2025-10-20,4.4,billable
TS00122,EMP004,PRJ019,26.03.2024,6.3,billable
TS00123,EMP008,PRJ029,23/12/2024,7.5,billable
TS00124,EMP003,PRJ024,19.08.2024,1.2,internal
TS00125,EMP005,PRJ003,2024-10-22,7.4,billable
TS00126,EMP020,PRJ001,2024-03-22,1.1,billable
TS00127,EMP017,PRJ028,2024-04-23,6.4,billable
TS00128,EMP020,PRJ030,05.03.2024,1.8,internal
TS00129,EMP019,PRJ016,27/05/2024,3.0,billable
TS00130,EMP022,PRJ006,20.06.2025,7.8,billable
TS00131,EMP017,PRJ002,03/02/2025,7.1,billable
TS00132,EMP001,PRJ023,12.03.2024,3.4,billable
TS00133,EMP025,PRJ022,16.05.2024,1.3,billable
TS00134,EMP015,PRJ031,08.10.2025,2.3,billable
TS00135,EMP010,PRJ013,14/02/2024,6.5,internal
TS00136,EMP018,PRJ031,16/09/2024,1.3,billable
TS00137,EMP021,PRJ022,08/10/2024,1.9,billable
TS00138,EMP013,PRJ022,10.07.2024,4.5,billable
TS00139,EMP014,PRJ006,18.03.2025,5.2,internal
TS00140,EMP011,PRJ019,2024-11-11,4.1,billable
TS00141,EMP002,PRJ023,2025-09-23,8.0,billable
TS00142,EMP012,PRJ033,26.11.2025,2.1,billable
TS00143,EMP005,PRJ005,29/08/2024,6.4,billable
TS00144,EMP005,PRJ029,14.01.2025,3.6,internal
TS00145,EMP011,PRJ018,2024-09-12,7.7,billable
TS00146,EMP018,PRJ008,2024-09-25,6.4,billable
TS00147,EMP016,PRJ013,2024-05-07,2.0,billable
TS00148,EMP003,PRJ021,14.11.2025,3.4,billable
TS00149,EMP006,PRJ012,2025-01-07,4.6,billable
TS00150,EMP016,PRJ002,06.01.2025,4.9,billable
TS00151,EMP003,PRJ020,11.02.2025,8.0,billable
TS00152,EMP019,PRJ005,08/05/2024,7.8,billable
TS00153,EMP005,PRJ012,2024-05-14,4.0,internal
TS00154,EMP010,PRJ011,14/06/2024,3.3,billable
TS00155,EMP010,PRJ006,13/09/2024,2.4,internal
TS00156,EMP018,PRJ006,29.05.2025,5.5,billable
TS00157,EMP024,PRJ022,2025-07-31,1.3,internal
TS00158,EMP019,PRJ017,28.10.2025,2.5,billable
TS00159,EMP021,PRJ035,2024-10-23,5.5,billable
TS00160,EMP010,PRJ030,15/03/2024,5.8,billable
TS00161,EMP020,PRJ010,18/11/2024,7.0,billable
TS00162,EMP012,PRJ033,2025-07-29,1.7,billable
TS00163,EMP004,PRJ004,24/10/2024,7.6,internal
TS00164,EMP006,PRJ021,2025-08-14,6.0,billable
TS00165,EMP016,PRJ020,26.05.2025,1.2,internal
TS00166,EMP019,PRJ023,19.02.2024,1.4,billable
TS00167,EMP001,PRJ007,17/03/2025,1.9,billable
TS00168,EMP013,PRJ004,06/08/2025,4.9,billable
TS00169,EMP025,PRJ018,2025-09-30,5.8,billable
TS00170,EMP011,PRJ024,27.05.2024,2.4,billable
TS00171,EMP023,PRJ022,30.04.2025,4.6,billable
TS00172,EMP011,PRJ011,06/02/2025,7.9,billable
TS00173,EMP017,PRJ035,2025-05-16,6.0,billable
TS00174,EMP014,PRJ020,05/12/2025,5.4,billable
TS00175,EMP025,PRJ015,22.02.2024,5.1,billable
TS00176,EMP013,PRJ010,28.11.2025,2.7,billable
TS00177,EMP011,PRJ027,04.06.2024,3.9,billable
TS00178,EMP024,PRJ004,23/12/2025,2.0,billable
TS00179,EMP013,PRJ021,26.06.2024,4.2,billable
TS00180,EMP024,PRJ017,16/09/2025,4.4,internal
TS00181,EMP010,PRJ019,22/12/2025,2.5,billable
TS00182,EMP024,PRJ018,21/10/2024,1.9,billable
TS00183,EMP012,PRJ010,2024-10-24,1.3,internal
TS00184,EMP009,PRJ031,07.08.2024,2.4,billable
TS00185,EMP020,PRJ016,2024-09-05,1.4,internal
TS00186,EMP014,PRJ022,2025-04-28,1.7,internal
TS00187,EMP006,PRJ027,30/10/2025,7.5,internal
TS00188,EMP010,PRJ021,2024-10-21,5.5,internal
TS00189,EMP024,PRJ003,2024-06-28,3.9,internal
TS00190,EMP016,PRJ012,23.10.2024,7.1,billable
TS00191,EMP011,PRJ019,10/04/2025,7.9,billable
TS00192,EMP017,PRJ030,2024-10-08,2.3,billable
TS00193,EMP023,PRJ012,15.01.2024,6.2,internal
TS00194,EMP020,PRJ026,13.03.2025,4.6,billable
TS00195,EMP016,PRJ021,11/09/2024,1.0,billable
TS00196,EMP010,PRJ001,2024-09-24,5.6,billable
TS00197,EMP006,PRJ026,03.12.2025,4.5,internal
TS00198,EMP021,PRJ019,2025-01-13,5.3,billable
TS00199,EMP020,PRJ024,03.03.2025,5.9,internal
TS00200,EMP025,PRJ016,2025-11-27,6.3,internal
TS00200,EMP025,PRJ016,2025-11-27,6.3,internal
TS00201,EMP012,PRJ005,31.07.2025,1.8,internal
TS00202,EMP006,PRJ021,16.06.2025,4.1,billable
TS00203,EMP017,PRJ029,26/02/2024,4.2,billable
TS00204,EMP022,PRJ020,23.01.2024,3.8,internal
TS00205,EMP014,PRJ023,2025-12-18,1.4,internal
TS00206,EMP010,PRJ027,03.07.2024,6.4,internal
TS00207,EMP013,PRJ029,21.01.2025,3.6,billable
TS00208,EMP012,PRJ008,2024-07-01,7.9,billable
TS00209,EMP001,PRJ002,01/11/2024,4.2,billable
TS00210,EMP008,PRJ030,20.12.2024,2.1,billable
TS00211,EMP022,PRJ027,2025-09-23,6.4,internal
TS00212,EMP020,PRJ003,2025-04-02,5.2,billable
TS00213,EMP015,PRJ015,2025-07-08,2.5,internal
TS00214,EMP008,PRJ021,14/08/2025,5.2,billable
TS00215,EMP022,PRJ034,14.08.2024,3.9,billable
TS00216,EMP006,PRJ028,23.07.2025,4.5,internal
TS00217,EMP011,PRJ027,24.02.2025,2.0,billable
TS00218,EMP010,PRJ010,21/04/2025,7.4,billable
TS00219,EMP008,PRJ017,29/07/2024,3.3,billable
TS00220,EMP024,PRJ013,22.02.2024,2.9,billable
TS00221,EMP025,PRJ014,05/05/2025,2.5,internal
TS00222,EMP007,PRJ008,05.05.2025,7.4,billable
TS00223,EMP018,PRJ021,16/10/2024,3.7,billable
TS00224,EMP016,PRJ030,10/04/2024,6.6,billable
TS00225,EMP014,PRJ003,2025-07-30,7.0,billable
TS00226,EMP019,PRJ027,29/10/2024,2.1,billable
TS00227,EMP018,PRJ022,20.09.2024,6.3,billable
TS00228,EMP006,PRJ023,2024-06-24,2.0,billable
TS00229,EMP021,PRJ004,20.06.2025,,internal
TS00230,EMP005,PRJ015,12.03.2024,6.0,billable
TS00231,EMP021,PRJ031,06.11.2025,4.4,billable
TS00232,EMP024,PRJ018,02.07.2025,7.8,billable
TS00233,EMP006,PRJ007,08.04.2024,4.7,billable
TS00234,EMP009,PRJ026,21.03.2024,3.6,billable
TS00235,EMP010,PRJ006,2025-10-31,7.9,billable
TS00236,EMP018,PRJ031,2024-02-27,5.5,billable
TS00237,EMP011,PRJ007,24.06.2025,7.4,billable
TS00238,EMP002,PRJ005,01.12.2025,7.5,internal
TS00239,EMP011,PRJ002,31.07.2024,5.1,internal
TS00240,EMP010,PRJ011,31/07/2025,2.7,internal
TS00241,EMP013,PRJ009,08/12/2025,6.1,billable
TS00242,EMP003,PRJ022,11/09/2025,6.4,internal
TS00243,EMP021,PRJ018,08/04/2025,4.4,billable
TS00244,EMP022,PRJ025,2024-03-28,6.4,billable
TS00245,EMP005,PRJ025,29/12/2025,6.5,billable
TS00246,EMP001,PRJ020,2025-03-31,3.5,billable
TS00247,EMP018,PRJ033,21.02.2025,1.7,billable
TS00248,EMP011,PRJ025,2024-01-15,3.0,billable
TS00249,EMP008,PRJ034,24/06/2024,5.8,billable
TS00250,EMP003,PRJ011,2025-03-21,2.9,billable
TS00251,EMP024,PRJ032,2025-09-02,5.3,billable
TS00252,EMP011,PRJ025,03.12.2024,4.1,billable
TS00253,EMP011,PRJ013,05/05/2025,3.2,internal
TS00254,EMP016,PRJ016,29/11/2024,3.6,internal
TS00255,EMP007,PRJ035,03.07.2024,5.8,billable
TS00256,EMP015,PRJ019,10/12/2025,1.5,internal
TS00257,EMP010,PRJ016,17/09/2024,5.6,billable
TS00258,EMP016,PRJ026,01.07.2025,4.5,internal
TS00259,EMP012,PRJ035,2025-09-02,5.5,billable
TS00260,EMP021,PRJ003,30/07/2025,7.9,billable
TS00261,EMP014,PRJ007,11.01.2024,1.7,billable
TS00262,EMP019,PRJ015,01.04.2025,3.6,billable
TS00263,EMP012,PRJ002,2025-05-09,1.7,billable
TS00264,EMP005,PRJ023,15.11.2024,3.4,internal
TS00265,EMP015,PRJ029,22.11.2024,1.5,billable
TS00266,EMP021,PRJ007,24.11.2025,6.6,internal
TS00267,EMP006,PRJ022,29/07/2025,4.0,billable
TS00268,EMP022,PRJ028,2025-02-11,1.2,billable
TS00269,EMP001,PRJ014,2024-07-29,2.9,billable
TS00270,EMP018,PRJ012,09/01/2025,3.3,billable
TS00271,EMP021,PRJ021,2025-09-03,3.7,billable
TS00272,EMP020,PRJ012,20.11.2025,5.9,billable
TS00273,EMP011,PRJ008,03.09.2024,3.1,billable
TS00274,EMP020,PRJ009,11.08.2025,3.7,billable
TS00275,EMP006,PRJ011,16/05/2025,3.0,billable
TS00276,EMP001,PRJ032,21.05.2024,2.4,billable
TS00277,EMP022,PRJ032,2025-03-03,6.0,billable
TS00278,EMP025,PRJ015,28/10/2024,1.2,billable
TS00279,EMP024,PRJ032,16/07/2025,4.6,billable
TS00280,EMP012,PRJ035,2024-02-12,6.3,billable
TS00281,EMP021,PRJ016,31/10/2024,7.1,billable
TS00282,EMP015,PRJ008,30.08.2024,2.5,billable
TS00283,EMP021,PRJ028,2024-06-18,5.3,internal
TS00284,EMP018,PRJ018,03.09.2025,4.8,billable
TS00285,EMP017,PRJ007,2024-05-20,7.7,internal
TS00286,EMP005,PRJ009,2024-09-12,2.0,billable
TS00287,EMP016,PRJ010,14/08/2025,5.4,billable
TS00288,EMP025,PRJ006,18/02/2025,4.6,billable
TS00289,EMP019,PRJ001,05.04.2024,6.1,billable
TS00290,EMP018,PRJ026,13/08/2024,7.8,internal
TS00291,EMP011,PRJ009,04.08.2025,7.0,internal
TS00292,EMP021,PRJ030,17/01/2024,1.9,internal
TS00293,EMP014,PRJ013,08/12/2025,7.4,internal
TS00294,EMP009,PRJ006,03.11.2025,3.5,billable
TS00295,EMP013,PRJ020,2025-12-17,,billable
TS00296,EMP016,PRJ005,15/05/2024,5.2,
TS00297,EMP004,PRJ028,11/12/2025,1.9,billable
TS00298,EMP004,PRJ021,2025-01-13,7.2,billable
TS00299,EMP003,PRJ034,30/07/2025,1.1,billable
TS00300,EMP024,PRJ010,2025-02-25,5.3,billable
TS00300,EMP024,PRJ010,2025-02-25,5.3,billable
TS00301,EMP025,PRJ008,26/08/2025,6.1,billable
TS00302,EMP009,PRJ006,11.09.2024,4.9,billable
TS00303,EMP001,PRJ020,29.07.2024,4.6,billable
TS00304,EMP008,PRJ032,30.01.2025,1.8,billable
TS00305,EMP001,PRJ024,20.11.2024,1.9,internal
TS00306,EMP006,PRJ031,15/03/2024,1.1,billable
TS00307,EMP013,PRJ033,22/10/2024,5.4,billable
TS00308,EMP021,PRJ035,04/07/2025,5.3,billable
TS00309,EMP005,PRJ035,02.12.2024,3.7,billable
TS00310,EMP023,PRJ028,03/09/2024,1.4,billable
TS00311,EMP002,PRJ020,2025-11-13,6.2,
TS00312,EMP001,PRJ011,23.05.2025,7.7,billable
TS00313,EMP024,PRJ018,30/04/2024,6.4,billable
TS00314,EMP023,PRJ005,23/05/2025,4.2,billable
TS00315,EMP006,PRJ017,2024-04-15,7.3,billable
TS00316,EMP002,PRJ001,2024-09-09,1.3,billable
TS00317,EMP002,PRJ027,19.08.2024,3.3,billable
TS00318,EMP019,PRJ024,2024-05-02,4.5,internal
TS00319,EMP002,PRJ026,11/03/2024,7.1,internal
TS00320,EMP001,PRJ024,24.07.2024,3.0,internal
TS00321,EMP019,PRJ032,2024-07-19,6.1,billable
TS00322,EMP001,PRJ015,2025-07-08,,internal
TS00323,EMP022,PRJ025,2024-11-12,1.7,billable
TS00324,EMP005,PRJ018,05.04.2024,1.3,billable
TS00325,EMP015,PRJ006,19/08/2025,1.7,billable
TS00326,EMP014,PRJ009,30/08/2024,3.0,internal
TS00327,EMP011,PRJ029,2024-10-07,2.6,internal
TS00328,EMP005,PRJ007,2024-06-17,4.1,billable
TS00329,EMP007,PRJ029,2024-11-11,4.2,internal
TS00330,EMP023,PRJ003,2024-08-08,6.9,billable
TS00331,EMP013,PRJ033,2024-02-20,5.7,billable
TS00332,EMP015,PRJ016,2024-04-08,4.2,internal
TS00333,EMP025,PRJ015,13.05.2024,2.4,billable
TS00334,EMP019,PRJ017,19.03.2024,1.2,billable
TS00335,EMP011,PRJ008,13.02.2024,7.6,billable
TS00336,EMP016,PRJ002,2025-01-28,5.8,billable
TS00337,EMP015,PRJ010,05.02.2024,5.3,billable
TS00338,EMP018,PRJ031,05/03/2024,1.6,billable
TS00339,EMP017,PRJ016,2025-10-07,8.0,billable
TS00340,EMP012,PRJ031,11.07.2025,6.5,billable
TS00341,EMP006,PRJ002,22/11/2024,5.2,billable
TS00342,EMP017,PRJ023,2025-08-21,8.0,internal
TS00343,EMP018,PRJ004,12/08/2024,5.0,internal
TS00344,EMP006,PRJ012,30.08.2024,5.1,internal
TS00345,EMP023,PRJ023,2025-08-04,4.9,billable
TS00346,EMP016,PRJ035,2024-11-12,2.2,billable
TS00347,EMP017,PRJ031,2024-01-01,3.3,billable
TS00348,EMP011,PRJ004,2024-01-23,2.0,billable
TS00349,EMP012,PRJ005,17.01.2025,5.9,billable
TS00350,EMP005,PRJ011,25.03.2025,6.5,internal
TS00351,EMP018,PRJ023,16/08/2024,5.7,internal
TS00352,EMP005,PRJ012,02/01/2024,7.6,internal
TS00353,EMP019,PRJ003,05.07.2024,5.2,internal
TS00354,EMP016,PRJ010,05/12/2024,6.2,billable
TS00355,EMP003,PRJ022,02.04.2025,1.1,billable
TS00356,EMP004,PRJ001,2024-02-19,3.7,billable
TS00357,EMP013,PRJ023,15.07.2025,3.6,internal
TS00358,EMP006,PRJ029,2024-03-18,6.6,billable
TS00359,EMP003,PRJ022,2024-06-25,7.2,billable
TS00360,EMP003,PRJ022,02.09.2025,7.9,internal
TS00361,EMP006,PRJ028,2024-06-11,1.4,billable
TS00362,EMP024,PRJ035,2024-09-30,5.6,billable
TS00363,EMP016,PRJ010,27/02/2024,3.5,billable
TS00364,EMP016,PRJ013,09/04/2024,1.2,billable
TS00365,EMP004,PRJ020,11/02/2025,4.3,internal
TS00366,EMP006,PRJ024,27/01/2025,3.6,billable
TS00367,EMP009,PRJ004,2024-06-03,6.3,billable
TS00368,EMP014,PRJ015,22.07.2025,1.4,billable
TS00369,EMP016,PRJ016,02.05.2025,3.1,billable
TS00370,EMP017,PRJ010,2024-05-03,7.6,billable
TS00371,EMP005,PRJ003,2025-03-11,1.5,billable
TS00372,EMP020,PRJ017,2024-11-25,7.4,internal
TS00373,EMP018,PRJ021,2024-10-09,4.6,internal
TS00374,EMP017,PRJ027,25.04.2024,3.9,billable
TS00375,EMP004,PRJ007,30.07.2025,6.5,internal
TS00376,EMP009,PRJ025,2025-11-03,4.4,billable
TS00377,EMP020,PRJ026,09.02.2024,3.8,internal
TS00378,EMP009,PRJ024,23/01/2024,3.4,internal
TS00379,EMP023,PRJ007,21/08/2024,1.9,internal
TS00380,EMP024,PRJ027,2025-09-11,5.5,billable
TS00381,EMP016,PRJ034,2025-01-17,6.7,billable
TS00382,EMP013,PRJ009,2025-06-20,7.2,billable
TS00383,EMP002,PRJ016,05.02.2024,4.2,internal
TS00384,EMP015,PRJ033,2025-02-10,5.4,billable
TS00385,EMP015,PRJ012,2025-04-30,5.1,billable
TS00386,EMP023,PRJ006,18.10.2024,1.2,billable
TS00387,EMP008,PRJ015,24.11.2025,2.4,billable
TS00388,EMP025,PRJ001,30.04.2025,7.4,billable
TS00389,EMP020,PRJ020,30/12/2025,7.8,billable
TS00390,EMP015,PRJ017,13.08.2024,4.3,billable
TS00391,EMP017,PRJ024,28/07/2025,5.5,billable
TS00392,EMP011,PRJ018,17.10.2025,3.3,billable
TS00393,EMP010,PRJ013,2024-06-04,4.6,billable
TS00394,EMP020,PRJ026,2025-11-07,3.2,billable
TS00395,EMP009,PRJ027,18.02.2025,3.7,billable
TS00396,EMP011,PRJ015,03.12.2025,4.7,internal
TS00397,EMP006,PRJ012,29/10/2024,1.7,billable
TS00398,EMP006,PRJ022,03.11.2025,1.6,billable
TS00399,EMP011,PRJ024,2024-09-23,5.1,billable
TS00400,EMP019,PRJ005,28.04.2025,7.2,billable
TS00400,EMP019,PRJ005,28.04.2025,7.2,billable
TS00401,EMP002,PRJ010,20.05.2024,7.9,billable
TS00402,EMP005,PRJ021,03.07.2024,6.5,billable
TS00403,EMP002,PRJ001,2025-04-07,2.9,internal
TS00404,EMP025,PRJ006,14/05/2024,5.3,billable
TS00405,EMP001,PRJ003,2025-06-30,2.4,billable
TS00406,EMP017,PRJ013,2024-01-19,5.7,billable
TS00407,EMP010,PRJ009,2024-04-15,3.7,billable
TS00408,EMP010,PRJ030,16.06.2025,5.2,billable
TS00409,EMP016,PRJ023,11/07/2024,2.2,
TS00410,EMP005,PRJ014,23/01/2024,5.1,billable
TS00411,EMP013,PRJ017,2025-07-01,5.4,billable
TS00412,EMP001,PRJ004,2025-12-09,1.8,billable
TS00413,EMP005,PRJ014,12/12/2025,5.8,billable
TS00414,EMP009,PRJ009,04.03.2025,6.8,billable
TS00415,EMP004,PRJ032,22.07.2024,5.3,internal
TS00416,EMP014,PRJ019,2024-06-13,1.3,billable
TS00417,EMP008,PRJ001,16.01.2024,5.7,internal
TS00418,EMP003,PRJ033,19/03/2024,6.1,billable
TS00419,EMP010,PRJ017,2025-04-22,1.4,internal
TS00420,EMP022,PRJ021,2025-03-12,6.2,
TS00421,EMP021,PRJ011,02.12.2024,3.5,billable
TS00422,EMP012,PRJ022,08/07/2024,1.8,billable
TS00423,EMP016,PRJ027,2025-10-28,7.2,billable
TS00424,EMP006,PRJ007,04.03.2025,7.4,billable
TS00425,EMP013,PRJ023,18.09.2025,1.2,billable
TS00426,EMP016,PRJ008,25.02.2025,4.1,billable
TS00427,EMP022,PRJ034,13.08.2025,6.1,billable
TS00428,EMP023,PRJ007,19/03/2025,5.6,billable
TS00429,EMP005,PRJ004,12/01/2024,5.5,billable
TS00430,EMP003,PRJ032,2024-11-26,2.7,internal
TS00431,EMP013,PRJ026,28.08.2024,1.6,billable
TS00432,EMP015,PRJ021,2024-05-01,7.9,billable
TS00433,EMP018,PRJ001,03.04.2024,6.5,internal
TS00434,EMP007,PRJ030,2024-12-17,3.5,billable
TS00435,EMP025,PRJ031,2025-11-03,3.5,billable
TS00436,EMP011,PRJ023,10.10.2025,7.8,billable
TS00437,EMP006,PRJ032,23/05/2024,6.8,billable
TS00438,EMP007,PRJ008,2025-02-06,2.5,internal
TS00439,EMP014,PRJ003,10/10/2025,6.9,billable
TS00440,EMP017,PRJ009,27.05.2025,1.0,billable
TS00441,EMP016,PRJ033,2024-07-02,5.8,billable
TS00442,EMP020,PRJ021,02.06.2025,7.2,billable
TS00443,EMP009,PRJ026,2024-12-17,7.8,billable
TS00444,EMP024,PRJ033,04/11/2024,6.9,billable
TS00445,EMP021,PRJ014,24.07.2024,2.5,billable
TS00446,EMP023,PRJ012,30.05.2025,4.8,billable
TS00447,EMP016,PRJ027,21/11/2025,6.2,internal
TS00448,EMP001,PRJ034,19.04.2024,1.2,billable
TS00449,EMP006,PRJ019,02.12.2025,2.8,internal
TS00450,EMP018,PRJ003,02.01.2025,6.7,billable
TS00451,EMP024,PRJ025,02.09.2024,4.6,internal
TS00452,EMP013,PRJ025,04/03/2025,7.7,internal
TS00453,EMP024,PRJ017,26/07/2024,5.3,internal
TS00454,EMP023,PRJ024,25.08.2025,4.8,billable
TS00455,EMP006,PRJ005,2024-07-10,7.7,billable
TS00456,EMP018,PRJ017,2024-05-13,2.1,internal
TS00457,EMP005,PRJ003,06.06.2024,7.5,billable
TS00458,EMP016,PRJ023,2024-03-15,6.5,billable
TS00459,EMP017,PRJ011,03/03/2025,4.8,billable
TS00460,EMP011,PRJ022,06.01.2025,3.1,internal
TS00461,EMP025,PRJ001,29.04.2024,5.7,billable
TS00462,EMP002,PRJ021,27/01/2025,7.4,internal
TS00463,EMP001,PRJ034,20/01/2025,4.6,billable
TS00464,EMP007,PRJ021,10.06.2025,1.6,billable
TS00465,EMP007,PRJ014,02.12.2025,4.0,billable
TS00466,EMP024,PRJ028,24.10.2025,6.7,billable
TS00467,EMP011,PRJ003,01/04/2024,1.5,billable
TS00468,EMP008,PRJ017,21/02/2025,3.7,billable
TS00469,EMP004,PRJ035,09.01.2024,5.5,billable
TS00470,EMP003,PRJ023,29/05/2025,1.7,internal
TS00471,EMP015,PRJ025,2025-02-10,6.8,billable
TS00472,EMP013,PRJ035,29.10.2024,7.7,billable
TS00473,EMP024,PRJ024,2024-01-12,4.9,billable
TS00474,EMP013,PRJ035,14.07.2025,7.6,billable
TS00475,EMP007,PRJ027,2025-10-23,7.0,billable
TS00476,EMP007,PRJ008,2024-07-04,5.7,billable
TS00477,EMP018,PRJ030,2025-10-22,4.8,billable
TS00478,EMP019,PRJ032,2024-12-04,3.5,billable
TS00479,EMP007,PRJ021,12/05/2025,4.2,billable
TS00480,EMP019,PRJ024,19/11/2024,7.7,billable
TS00481,EMP024,PRJ028,10.10.2024,6.9,billable
TS00482,EMP015,PRJ023,08.11.2024,4.4,billable
TS00483,EMP005,PRJ035,2024-07-22,2.8,internal
TS00484,EMP017,PRJ002,2025-08-18,5.1,internal
TS00485,EMP018,PRJ035,28/04/2025,5.6,billable
TS00486,EMP024,PRJ019,17/05/2024,4.3,billable
TS00487,EMP008,PRJ011,10.06.2025,2.0,billable
TS00488,EMP005,PRJ031,2025-01-02,1.3,internal
TS00489,EMP002,PRJ014,16/06/2025,7.4,billable
TS00490,EMP002,PRJ021,15/04/2024,5.9,billable
TS00491,EMP018,PRJ012,20.01.2025,5.6,billable
TS00492,EMP009,PRJ025,16/08/2024,4.6,billable
TS00493,EMP020,PRJ001,2025-05-28,7.2,billable
TS00494,EMP007,PRJ010,2024-07-10,2.1,billable
TS00495,EMP011,PRJ008,08.05.2025,5.7,billable
TS00496,EMP001,PRJ016,2024-02-14,1.9,billable
TS00497,EMP019,PRJ010,27.02.2024,2.2,internal
TS00498,EMP019,PRJ002,2025-11-10,6.7,internal
TS00499,EMP016,PRJ011,12.08.2024,6.8,billable
TS00500,EMP022,PRJ033,27/09/2024,2.2,billable
TS00500,EMP022,PRJ033,27/09/2024,2.2,billable
TS00501,EMP013,PRJ025,15.05.2024,1.8,billable
TS00502,EMP020,PRJ007,2024-07-02,4.3,billable
TS00503,EMP025,PRJ008,05.04.2024,,billable
TS00504,EMP025,PRJ028,18.06.2025,3.9,internal
TS00505,EMP016,PRJ025,24.12.2024,5.1,billable
TS00506,EMP009,PRJ031,26.08.2024,7.4,billable
TS00507,EMP007,PRJ001,29.12.2025,,billable
TS00508,EMP021,PRJ014,2025-12-05,6.6,billable
TS00509,EMP009,PRJ017,02/07/2025,4.0,billable
TS00510,EMP007,PRJ027,21/07/2025,6.5,billable
TS00511,EMP010,PRJ023,23.12.2025,3.8,billable
TS00512,EMP023,PRJ011,12/04/2024,2.5,billable
TS00513,EMP022,PRJ004,2024-06-13,3.7,billable
TS00514,EMP020,PRJ028,2024-04-02,1.4,billable
TS00515,EMP013,PRJ034,2024-10-22,6.0,billable
TS00516,EMP007,PRJ034,21.10.2024,2.4,internal
TS00517,EMP006,PRJ003,2025-01-03,2.7,billable
TS00518,EMP013,PRJ023,18.11.2025,3.8,
TS00519,EMP003,PRJ019,28/07/2025,7.4,billable
TS00520,EMP015,PRJ026,11.08.2025,1.0,billable
TS00521,EMP010,PRJ022,29.04.2024,6.6,internal
TS00522,EMP023,PRJ029,21/01/2025,4.9,internal
TS00523,EMP015,PRJ002,08.05.2025,1.8,billable
TS00524,EMP023,PRJ015,19.11.2024,3.9,
TS00525,EMP008,PRJ019,05/04/2024,3.8,billable
TS00526,EMP016,PRJ021,2024-12-30,2.5,billable
TS00527,EMP007,PRJ032,23/07/2024,2.6,billable
TS00528,EMP008,PRJ023,2024-06-10,6.5,billable
TS00529,EMP020,PRJ001,08/07/2025,7.7,internal
TS00530,EMP019,PRJ018,19.05.2025,2.3,internal
TS00531,EMP019,PRJ009,27.02.2024,4.7,billable
TS00532,EMP022,PRJ012,15/04/2025,,billable
TS00533,EMP022,PRJ014,23.01.2025,5.1,billable
TS00534,EMP009,PRJ016,02/10/2024,4.3,billable
TS00535,EMP014,PRJ024,2025-01-08,7.0,billable
TS00536,EMP022,PRJ015,12.04.2024,6.0,internal
TS00537,EMP005,PRJ010,29/04/2025,6.6,billable
TS00538,EMP021,PRJ034,30/06/2025,6.0,internal
TS00539,EMP002,PRJ026,11/04/2024,5.8,billable
TS00540,EMP015,PRJ022,23/09/2024,3.5,billable
TS00541,EMP012,PRJ013,2025-08-13,5.0,billable
TS00542,EMP011,PRJ033,2025-05-14,6.4,billable
TS00543,EMP021,PRJ010,20/06/2024,5.5,internal
TS00544,EMP003,PRJ006,14.06.2024,3.4,billable
TS00545,EMP021,PRJ026,04/10/2024,7.2,internal
TS00546,EMP015,PRJ027,20.06.2024,2.3,billable
TS00547,EMP024,PRJ006,2024-08-05,2.2,billable
TS00548,EMP002,PRJ002,2025-02-10,4.7,internal
TS00549,EMP021,PRJ025,12/11/2024,2.6,billable
TS00550,EMP006,PRJ002,05/02/2024,5.6,internal
TS00551,EMP018,PRJ018,15.07.2025,4.1,internal
TS00552,EMP015,PRJ028,20/06/2025,5.5,billable
TS00553,EMP003,PRJ029,11/11/2024,3.6,
TS00554,EMP025,PRJ009,18.12.2024,3.0,billable
TS00555,EMP016,PRJ020,10.01.2024,,internal
TS00556,EMP012,PRJ013,2025-02-25,7.2,billable
TS00557,EMP013,PRJ025,2024-08-13,2.8,billable
TS00558,EMP020,PRJ018,18/10/2024,5.5,billable
TS00559,EMP006,PRJ009,23/10/2024,1.8,billable
TS00560,EMP007,PRJ021,2024-01-22,2.1,internal
TS00561,EMP009,PRJ009,2025-03-24,6.1,
TS00562,EMP014,PRJ020,2025-05-27,8.0,billable
TS00563,EMP005,PRJ004,01/10/2024,6.4,billable
TS00564,EMP009,PRJ025,2024-01-15,1.9,internal
TS00565,EMP008,PRJ003,22.07.2024,4.2,internal
TS00566,EMP013,PRJ020,26.11.2024,2.1,billable
TS00567,EMP009,PRJ031,2025-10-15,3.1,billable
TS00568,EMP004,PRJ016,10/10/2025,4.0,billable
TS00569,EMP008,PRJ001,13.02.2024,5.1,billable
TS00570,EMP003,PRJ016,10/06/2024,4.5,billable
TS00571,EMP021,PRJ004,04.03.2024,3.5,billable
TS00572,EMP008,PRJ021,25/07/2025,6.5,internal
TS00573,EMP013,PRJ023,17.05.2024,2.8,billable
TS00574,EMP023,PRJ032,15/07/2024,5.0,billable
TS00575,EMP020,PRJ011,11/03/2024,4.7,billable
TS00576,EMP025,PRJ033,23.01.2025,6.1,internal
TS00577,EMP008,PRJ021,05/03/2024,5.6,billable
TS00578,EMP025,PRJ010,19/09/2025,3.0,billable
TS00579,EMP003,PRJ003,2024-05-14,2.3,billable
TS00580,EMP019,PRJ025,04.11.2025,4.4,billable
TS00581,EMP020,PRJ005,16/01/2024,7.5,billable
TS00582,EMP015,PRJ004,06/01/2025,4.9,internal
TS00583,EMP002,PRJ018,25/06/2025,1.3,billable
TS00584,EMP017,PRJ007,2024-04-15,6.1,billable
TS00585,EMP019,PRJ012,2025-07-25,6.2,billable
TS00586,EMP022,PRJ030,2025-12-22,5.7,internal
TS00587,EMP017,PRJ022,04/11/2025,2.1,internal
TS00588,EMP018,PRJ021,15.01.2025,3.9,billable
TS00589,EMP018,PRJ014,21/01/2025,6.4,internal
TS00590,EMP013,PRJ001,05.02.2024,7.9,billable
TS00591,EMP001,PRJ020,15.08.2024,2.5,billable
TS00592,EMP017,PRJ010,2024-04-08,1.3,billable
TS00593,EMP008,PRJ015,19/09/2024,6.7,billable
TS00594,EMP003,PRJ021,09.05.2025,2.2,internal
TS00595,EMP004,PRJ020,2024-02-08,6.1,billable
TS00596,EMP011,PRJ023,2025-03-20,3.9,internal
TS00597,EMP001,PRJ025,27.02.2024,3.1,billable
TS00598,EMP023,PRJ015,05/06/2024,1.4,billable
TS00599,EMP019,PRJ033,02/04/2024,2.6,billable
TS00600,EMP016,PRJ004,15.07.2025,3.8,billable
TS00601,EMP025,PRJ009,07.05.2025,4.9,billable
TS00602,EMP024,PRJ034,09/09/2024,2.7,billable
TS00603,EMP003,PRJ008,2025-11-18,3.9,billable
TS00604,EMP001,PRJ020,24/06/2024,7.9,billable
TS00605,EMP008,PRJ013,2025-12-02,3.6,internal
TS00606,EMP020,PRJ010,2024-10-21,1.1,billable
TS00607,EMP011,PRJ014,04/07/2025,2.5,billable
TS00608,EMP005,PRJ002,2025-01-20,5.1,billable
TS00609,EMP007,PRJ018,2024-02-26,4.3,internal
TS00610,EMP022,PRJ024,22.04.2024,1.1,internal
TS00611,EMP017,PRJ007,2024-11-19,4.4,billable
TS00612,EMP015,PRJ002,12/02/2024,2.7,billable
TS00613,EMP001,PRJ023,2025-12-01,3.5,billable
TS00614,EMP009,PRJ004,2025-10-02,2.8,billable
TS00615,EMP008,PRJ010,2024-12-17,7.3,billable
TS00616,EMP022,PRJ015,03/03/2025,2.7,billable
TS00617,EMP018,PRJ009,30.07.2024,5.6,billable
TS00618,EMP010,PRJ034,2024-05-20,4.0,internal
TS00619,EMP006,PRJ021,2024-03-12,4.9,internal
TS00620,EMP005,PRJ002,22/11/2024,7.2,billable
TS00621,EMP021,PRJ018,2024-06-04,6.5,billable
TS00622,EMP020,PRJ018,2025-09-12,5.0,billable
TS00623,EMP003,PRJ031,17.05.2024,4.5,billable
TS00624,EMP013,PRJ032,2025-04-30,2.0,billable
TS00625,EMP009,PRJ027,2024-08-15,6.2,internal
TS00626,EMP015,PRJ032,2025-12-05,3.3,billable
TS00627,EMP020,PRJ025,18.11.2024,3.8,internal
TS00628,EMP023,PRJ003,2025-06-17,1.8,billable
TS00629,EMP018,PRJ026,12.02.2024,4.9,billable
TS00630,EMP015,PRJ026,2024-11-07,6.4,billable
TS00631,EMP002,PRJ034,2024-05-27,4.2,billable
TS00632,EMP025,PRJ035,2024-05-20,3.8,billable
TS00633,EMP023,PRJ013,10.04.2025,1.6,billable
TS00634,EMP023,PRJ008,03/04/2024,1.8,billable
TS00635,EMP024,PRJ033,18/09/2025,7.6,billable
TS00636,EMP011,PRJ010,17.06.2024,7.1,billable
TS00637,EMP024,PRJ029,2024-10-22,,billable
TS00638,EMP025,PRJ017,15.01.2024,4.2,internal
TS00639,EMP016,PRJ016,12/08/2024,5.1,billable
TS00640,EMP001,PRJ016,2025-07-14,2.9,billable
TS00641,EMP021,PRJ023,07.02.2024,2.0,billable
TS00642,EMP003,PRJ004,23.04.2024,3.9,billable
TS00643,EMP023,PRJ012,2025-04-11,6.2,billable
TS00644,EMP012,PRJ025,2024-03-12,6.3,internal
TS00645,EMP023,PRJ018,03.12.2024,4.7,billable
TS00646,EMP019,PRJ034,01.04.2024,4.4,billable
TS00647,EMP011,PRJ017,2025-06-24,5.0,billable
TS00648,EMP024,PRJ032,2025-05-19,6.7,internal
TS00649,EMP001,PRJ008,25.01.2024,4.3,internal
TS00650,EMP014,PRJ027,16.02.2024,3.3,billable
TS00651,EMP023,PRJ019,17.09.2024,6.5,billable
TS00652,EMP004,PRJ022,2024-12-17,3.8,billable
TS00653,EMP011,PRJ031,30/04/2025,6.6,billable
TS00654,EMP018,PRJ022,18.04.2025,6.5,billable
TS00655,EMP019,PRJ021,22.07.2025,4.8,billable
TS00656,EMP012,PRJ005,03/06/2024,3.0,billable
TS00657,EMP019,PRJ025,10/07/2024,5.2,internal
TS00658,EMP002,PRJ018,27/02/2025,1.6,internal
TS00659,EMP007,PRJ034,2024-11-05,2.2,billable
TS00660,EMP015,PRJ033,2024-01-26,6.6,internal
TS00661,EMP024,PRJ034,2024-11-13,6.4,billable
TS00662,EMP022,PRJ009,29.07.2024,6.1,billable
TS00663,EMP010,PRJ003,04/12/2025,6.9,internal
TS00664,EMP017,PRJ020,2024-01-24,5.0,billable
TS00665,EMP009,PRJ035,22/11/2024,6.4,billable
TS00666,EMP001,PRJ033,16/04/2024,2.4,billable
TS00667,EMP010,PRJ016,24/06/2024,1.5,billable
TS00668,EMP001,PRJ031,2025-11-24,1.4,billable
TS00669,EMP020,PRJ029,2025-09-23,3.5,billable
TS00670,EMP018,PRJ006,21.04.2025,5.0,billable
TS00671,EMP022,PRJ030,28.04.2025,2.6,billable
TS00672,EMP006,PRJ022,28/11/2024,4.2,billable
TS00673,EMP006,PRJ019,2024-12-24,5.2,billable
TS00674,EMP004,PRJ021,23.07.2025,5.5,internal
TS00675,EMP008,PRJ016,2025-07-15,2.1,billable
TS00676,EMP019,PRJ028,21.03.2025,5.0,billable
TS00677,EMP003,PRJ032,29.04.2024,5.1,billable
TS00678,EMP010,PRJ026,12.03.2024,5.2,billable
TS00679,EMP016,PRJ004,02.04.2024,2.5,billable
TS00680,EMP001,PRJ010,07/11/2025,2.0,billable
TS00681,EMP007,PRJ021,04/11/2024,5.0,internal
TS00682,EMP023,PRJ023,01.04.2024,5.1,billable
TS00683,EMP010,PRJ004,2025-01-13,7.3,internal
TS00684,EMP012,PRJ008,15.10.2024,7.1,billable
TS00685,EMP023,PRJ025,19.02.2025,3.7,billable
TS00686,EMP018,PRJ025,03.01.2025,6.9,billable
TS00687,EMP021,PRJ002,27/05/2024,6.0,billable
TS00688,EMP005,PRJ027,11/04/2025,7.3,billable
TS00689,EMP014,PRJ029,28.01.2025,3.5,
TS00690,EMP024,PRJ016,30.12.2025,4.5,billable
TS00691,EMP002,PRJ031,22.12.2025,3.6,billable
TS00692,EMP017,PRJ018,21.04.2025,4.6,billable
TS00693,EMP024,PRJ005,01/12/2025,5.4,internal
TS00694,EMP018,PRJ001,25.04.2025,4.2,internal
TS00695,EMP010,PRJ019,20.06.2024,1.2,internal
TS00696,EMP009,PRJ004,2025-10-06,4.3,billable
TS00697,EMP024,PRJ002,2024-10-22,4.4,billable
TS00698,EMP005,PRJ018,2024-10-08,7.0,billable
TS00699,EMP024,PRJ010,05/11/2025,4.1,internal
TS00700,EMP006,PRJ034,2024-02-05,3.4,billable
TS00701,EMP016,PRJ027,27.01.2025,2.7,billable
TS00702,EMP012,PRJ004,2025-10-21,2.9,internal
TS00703,EMP010,PRJ031,01/07/2025,2.6,billable
TS00704,EMP014,PRJ001,22.10.2024,7.5,billable
TS00705,EMP002,PRJ007,30/06/2025,5.5,internal
TS00706,EMP009,PRJ022,03.10.2024,2.9,billable
TS00707,EMP022,PRJ016,19/11/2025,5.1,billable
TS00708,EMP011,PRJ001,19/11/2025,1.1,billable
TS00709,EMP015,PRJ023,2024-08-12,6.1,billable
TS00710,EMP020,PRJ014,2025-09-05,5.5,billable
TS00711,EMP013,PRJ012,23/04/2024,5.9,billable
TS00712,EMP015,PRJ018,13/03/2025,5.8,billable
TS00713,EMP009,PRJ004,28/01/2025,3.7,internal
TS00714,EMP015,PRJ005,20/05/2025,7.9,billable
TS00715,EMP005,PRJ035,17/03/2025,2.5,billable
TS00716,EMP003,PRJ005,2025-08-08,6.1,internal
TS00717,EMP021,PRJ001,08.02.2024,5.7,billable
TS00718,EMP001,PRJ033,25/12/2025,7.6,billable
TS00719,EMP003,PRJ035,19/08/2024,1.0,internal
TS00720,EMP012,PRJ022,01.12.2025,3.1,billable
TS00721,EMP011,PRJ006,2025-04-15,6.3,billable
TS00722,EMP013,PRJ013,04.11.2024,5.9,internal
TS00723,EMP021,PRJ029,15.07.2024,2.0,billable
TS00724,EMP013,PRJ005,07/07/2025,5.5,billable
TS00725,EMP011,PRJ004,2024-12-11,6.5,billable
TS00726,EMP017,PRJ030,25.11.2025,7.1,billable
TS00727,EMP002,PRJ010,15.05.2025,5.6,billable
TS00728,EMP005,PRJ001,2024-06-25,5.4,internal
TS00729,EMP019,PRJ005,18.04.2024,1.8,billable
TS00730,EMP014,PRJ022,25.11.2025,3.8,billable
TS00731,EMP007,PRJ003,01/09/2025,2.2,billable
TS00732,EMP023,PRJ024,22.07.2025,2.2,billable
TS00733,EMP021,PRJ025,2024-06-10,1.1,
TS00734,EMP023,PRJ019,04/03/2025,5.9,internal
TS00735,EMP021,PRJ018,2025-06-19,4.2,billable
TS00736,EMP006,PRJ032,18/09/2025,,billable
TS00737,EMP008,PRJ013,30.04.2024,7.9,internal
TS00738,EMP018,PRJ033,2024-08-12,4.2,billable
TS00739,EMP005,PRJ031,2025-05-26,2.2,billable
TS00740,EMP007,PRJ028,16/09/2024,3.3,internal
TS00741,EMP018,PRJ012,2024-06-10,6.5,billable
TS00742,EMP015,PRJ021,05/03/2025,2.4,billable
TS00743,EMP008,PRJ007,30/08/2024,6.2,internal
TS00744,EMP019,PRJ032,27.02.2024,7.2,billable
TS00745,EMP005,PRJ030,2024-07-17,5.4,internal
TS00746,EMP019,PRJ004,14/10/2024,2.0,internal
TS00747,EMP008,PRJ019,10.09.2025,2.1,internal
TS00748,EMP018,PRJ015,2024-03-29,3.9,billable
TS00749,EMP009,PRJ001,14/03/2025,6.2,billable
TS00750,EMP019,PRJ010,2025-08-12,7.3,billable
TS00751,EMP025,PRJ033,06.02.2024,4.0,billable
TS00752,EMP008,PRJ006,25/07/2025,6.3,billable
TS00753,EMP010,PRJ016,27.10.2025,8.0,billable
TS00754,EMP019,PRJ002,10.04.2025,4.2,billable
TS00755,EMP012,PRJ030,2025-12-23,5.4,internal
TS00756,EMP017,PRJ003,30.10.2024,4.0,billable
TS00757,EMP022,PRJ006,2025-09-29,7.2,billable
TS00758,EMP012,PRJ004,2024-04-23,3.7,billable
TS00759,EMP018,PRJ005,28/07/2025,6.0,billable
TS00760,EMP016,PRJ014,20.08.2024,3.2,internal
TS00761,EMP003,PRJ024,2024-12-19,4.2,billable
TS00762,EMP018,PRJ019,07.04.2025,5.3,internal
TS00763,EMP003,PRJ013,2025-04-15,1.6,billable
TS00764,EMP004,PRJ011,2024-10-09,1.8,billable
TS00765,EMP021,PRJ002,2024-10-29,3.9,billable
TS00766,EMP024,PRJ002,2024-10-25,2.3,billable
TS00767,EMP011,PRJ027,15/08/2025,3.4,billable
TS00768,EMP017,PRJ029,15/04/2025,3.1,billable
TS00769,EMP016,PRJ024,22/10/2024,6.4,billable
TS00770,EMP020,PRJ011,2025-12-29,4.7,billable
TS00771,EMP022,PRJ010,14/06/2024,2.7,billable
TS00772,EMP012,PRJ012,29/07/2024,4.9,billable
TS00773,EMP015,PRJ035,2024-06-17,4.7,billable
TS00774,EMP005,PRJ030,25.11.2024,2.1,internal
TS00775,EMP023,PRJ019,30.04.2025,7.3,internal
TS00776,EMP024,PRJ029,2024-12-12,5.8,billable
TS00777,EMP010,PRJ002,17/02/2025,5.3,billable
TS00778,EMP021,PRJ013,20/08/2025,4.7,internal
TS00779,EMP015,PRJ006,10.06.2025,3.8,billable
TS00780,EMP022,PRJ024,11/02/2025,2.0,internal
TS00781,EMP012,PRJ023,2024-11-11,7.8,internal
TS00782,EMP024,PRJ027,31/03/2025,3.0,internal
TS00783,EMP019,PRJ006,27.05.2024,2.5,billable
TS00784,EMP019,PRJ025,02/04/2024,1.0,billable
TS00785,EMP023,PRJ009,23.07.2024,2.3,billable
TS00786,EMP010,PRJ020,2025-05-20,4.9,billable
TS00787,EMP010,PRJ031,07/05/2024,5.6,internal
TS00788,EMP021,PRJ016,2024-01-30,1.8,billable
TS00789,EMP016,PRJ028,23.09.2024,5.4,billable
TS00790,EMP024,PRJ002,24/09/2024,2.1,billable
TS00791,EMP012,PRJ011,26/02/2024,2.9,billable
TS00792,EMP021,PRJ005,2025-06-10,2.4,billable
TS00793,EMP011,PRJ021,02.12.2025,6.6,billable
TS00794,EMP019,PRJ023,27/05/2024,1.1,billable
TS00795,EMP006,PRJ007,2024-08-13,2.1,billable
TS00796,EMP023,PRJ034,2025-06-30,6.0,billable
TS00797,EMP004,PRJ009,18/01/2024,4.4,billable
TS00798,EMP020,PRJ034,16.12.2024,2.2,billable
TS00799,EMP023,PRJ010,2025-12-05,2.6,billable
TS00800,EMP025,PRJ008,20/03/2024,1.1,billable
TS00801,EMP022,PRJ033,01/09/2025,1.4,billable
TS00802,EMP001,PRJ007,2024-05-06,7.4,billable
TS00803,EMP003,PRJ010,2024-10-11,7.6,billable
TS00804,EMP020,PRJ016,03.06.2025,5.0,billable
TS00805,EMP023,PRJ013,2024-10-15,2.2,internal
TS00806,EMP007,PRJ033,2025-12-25,4.3,billable
TS00807,EMP006,PRJ023,23/01/2025,4.0,billable
TS00808,EMP004,PRJ030,22/04/2024,4.6,billable
TS00809,EMP002,PRJ006,03/12/2024,4.5,billable
TS00810,EMP015,PRJ015,21/07/2025,3.9,internal
TS00811,EMP016,PRJ024,02.07.2024,1.1,billable
TS00812,EMP022,PRJ006,02.05.2024,2.0,billable
TS00813,EMP006,PRJ005,07.01.2025,7.8,billable
TS00814,EMP008,PRJ028,26.05.2025,2.9,billable
TS00815,EMP021,PRJ026,30/12/2024,4.3,billable
TS00816,EMP005,PRJ030,2024-04-22,1.9,billable
TS00817,EMP004,PRJ004,2024-03-12,4.5,billable
TS00818,EMP005,PRJ020,30.09.2025,5.4,internal
TS00819,EMP015,PRJ013,29/10/2024,5.6,billable
TS00820,EMP018,PRJ035,19/01/2024,7.7,billable
TS00821,EMP015,PRJ021,2025-01-20,4.1,billable
TS00822,EMP010,PRJ011,20/05/2025,4.0,billable
TS00823,EMP022,PRJ032,06/11/2025,4.9,billable
TS00824,EMP017,PRJ004,04/02/2025,2.8,billable
TS00825,EMP010,PRJ021,05/03/2024,1.2,billable
TS00826,EMP001,PRJ022,24/01/2025,1.7,billable
TS00827,EMP008,PRJ016,28.08.2024,5.5,billable
TS00828,EMP011,PRJ011,23.01.2024,4.8,billable
TS00829,EMP014,PRJ018,23/01/2024,5.9,billable
TS00830,EMP019,PRJ007,15/05/2025,1.7,billable
TS00831,EMP022,PRJ022,19/06/2024,5.3,billable
TS00832,EMP003,PRJ035,07.08.2024,3.0,billable
TS00833,EMP024,PRJ006,2025-08-15,1.7,billable
TS00834,EMP014,PRJ014,23/12/2024,6.6,billable
TS00835,EMP022,PRJ035,18.11.2024,2.4,billable
TS00836,EMP018,PRJ012,2024-01-22,5.4,billable
TS00837,EMP024,PRJ030,01.10.2024,7.6,billable
TS00838,EMP019,PRJ004,2025-06-18,2.4,billable
TS00839,EMP010,PRJ028,2025-02-24,3.2,internal
TS00840,EMP009,PRJ019,2025-10-23,2.1,billable
TS00841,EMP007,PRJ002,10/09/2024,6.6,billable
TS00842,EMP021,PRJ003,25/07/2024,2.1,billable
TS00843,EMP018,PRJ012,21/10/2025,7.0,internal
TS00844,EMP003,PRJ021,08/09/2025,3.1,billable
TS00845,EMP003,PRJ026,23.05.2024,2.7,billable
TS00846,EMP019,PRJ034,16.09.2024,4.5,billable
TS00847,EMP011,PRJ025,2024-08-29,7.5,billable
TS00848,EMP015,PRJ027,17.09.2024,7.0,billable
TS00849,EMP011,PRJ035,11/03/2025,4.3,billable
TS00850,EMP012,PRJ031,13.01.2025,6.7,billable
TS00851,EMP002,PRJ016,16.09.2024,4.9,billable
TS00852,EMP004,PRJ035,30/08/2024,7.0,billable
TS00853,EMP010,PRJ006,2024-08-29,3.1,internal
TS00854,EMP025,PRJ027,06/02/2024,2.9,billable
TS00855,EMP011,PRJ028,12.04.2024,6.8,billable
TS00856,EMP024,PRJ021,09.04.2025,5.9,internal
TS00857,EMP021,PRJ009,04/01/2024,3.8,billable
TS00858,EMP008,PRJ034,2025-12-31,7.8,internal
TS00859,EMP011,PRJ029,2025-05-06,7.1,billable
TS00860,EMP010,PRJ013,27/03/2024,3.9,billable
TS00861,EMP008,PRJ002,24.01.2024,7.5,billable
TS00862,EMP015,PRJ013,25/09/2024,5.9,billable
TS00863,EMP005,PRJ006,2025-01-13,2.2,billable
TS00864,EMP015,PRJ032,01/05/2024,2.6,billable
TS00865,EMP005,PRJ028,30/07/2024,5.2,internal
TS00866,EMP006,PRJ027,2024-05-29,1.2,internal
TS00867,EMP012,PRJ030,28/03/2024,1.1,billable
TS00868,EMP007,PRJ025,2025-12-26,4.0,billable
TS00869,EMP011,PRJ016,29.04.2025,7.4,internal
TS00870,EMP024,PRJ003,08/01/2024,2.8,billable
TS00871,EMP005,PRJ003,19/08/2025,2.3,billable
TS00872,EMP005,PRJ006,20/11/2024,6.0,billable
TS00873,EMP005,PRJ032,14/10/2024,6.2,internal
TS00874,EMP025,PRJ017,13/06/2025,3.2,internal
TS00875,EMP005,PRJ029,2024-02-26,2.3,billable
TS00876,EMP023,PRJ030,24/03/2025,1.8,internal
TS00877,EMP023,PRJ032,2025-04-15,4.5,internal
TS00878,EMP010,PRJ012,21.06.2024,6.2,internal
TS00879,EMP019,PRJ001,2025-06-24,6.4,billable
TS00880,EMP004,PRJ022,2024-01-29,3.0,internal
TS00881,EMP004,PRJ021,06.06.2024,1.2,billable
TS00882,EMP009,PRJ001,03/12/2024,7.8,billable
TS00883,EMP024,PRJ009,06/08/2024,7.0,internal
TS00884,EMP003,PRJ025,04/04/2024,3.8,billable
TS00885,EMP006,PRJ025,18.02.2025,3.0,internal
TS00886,EMP014,PRJ020,2025-12-02,5.2,billable
TS00887,EMP016,PRJ029,03/02/2025,4.3,billable
TS00888,EMP012,PRJ012,20.03.2025,5.4,billable
TS00889,EMP008,PRJ010,2025-05-22,4.7,billable
TS00890,EMP016,PRJ020,03/06/2024,7.9,billable
TS00891,EMP010,PRJ004,2025-07-18,1.5,billable
TS00892,EMP015,PRJ017,31.12.2024,2.8,
TS00893,EMP015,PRJ012,05/07/2024,6.9,billable
TS00894,EMP019,PRJ030,17/11/2025,4.1,internal
TS00895,EMP006,PRJ014,08/07/2024,1.5,internal
TS00896,EMP018,PRJ002,08.01.2024,3.8,billable
TS00897,EMP022,PRJ032,06/11/2024,5.3,internal
TS00898,EMP022,PRJ026,2024-11-05,1.6,billable
TS00899,EMP007,PRJ002,2024-08-02,4.4,billable
TS00900,EMP018,PRJ013,29/03/2024,3.1,billable
TS00901,EMP005,PRJ029,13.05.2025,4.3,internal
TS00902,EMP013,PRJ004,09.12.2024,1.1,billable
TS00903,EMP016,PRJ019,07.02.2024,4.4,billable
TS00904,EMP016,PRJ015,05/03/2024,4.7,billable
TS00905,EMP021,PRJ027,29.04.2025,1.8,billable
TS00906,EMP001,PRJ011,21/10/2024,6.1,billable
TS00907,EMP022,PRJ022,08/09/2025,7.0,billable
TS00908,EMP023,PRJ025,04.03.2025,6.8,billable
TS00909,EMP006,PRJ014,16/10/2024,5.8,billable
TS00910,EMP020,PRJ032,15/04/2024,6.6,internal
TS00911,EMP002,PRJ002,2025-01-02,7.2,billable
TS00912,EMP017,PRJ003,2024-03-06,3.4,billable
TS00913,EMP009,PRJ022,31.12.2024,6.4,internal
TS00914,EMP023,PRJ033,10/09/2025,5.7,billable
TS00915,EMP025,PRJ008,2024-04-18,6.5,billable
TS00916,EMP004,PRJ011,07/10/2025,1.8,billable
TS00917,EMP015,PRJ033,27.05.2025,6.1,billable
TS00918,EMP004,PRJ013,2025-03-25,7.8,internal
TS00919,EMP011,PRJ019,03.06.2025,2.2,billable
TS00920,EMP022,PRJ016,2024-06-04,6.3,billable
TS00921,EMP014,PRJ030,2025-06-12,6.6,billable
TS00922,EMP023,PRJ034,2024-03-12,1.6,billable
TS00923,EMP002,PRJ010,11.08.2025,1.4,billable
TS00924,EMP010,PRJ027,17/02/2025,7.2,billable
TS00925,EMP012,PRJ001,2024-10-15,7.3,billable
TS00926,EMP007,PRJ035,01.10.2025,6.5,billable
TS00927,EMP021,PRJ026,23.07.2024,7.2,billable
TS00928,EMP024,PRJ009,2025-06-16,7.9,billable
TS00929,EMP011,PRJ011,24.01.2024,1.2,internal
TS00930,EMP010,PRJ028,03/06/2025,1.8,billable
TS00931,EMP004,PRJ004,28.10.2025,7.6,billable
TS00932,EMP008,PRJ035,01.09.2025,2.6,billable
TS00933,EMP022,PRJ009,21/01/2025,4.6,billable
TS00934,EMP025,PRJ024,10/04/2025,1.7,billable
TS00935,EMP005,PRJ031,07.08.2024,4.1,billable
TS00936,EMP025,PRJ026,27/09/2024,5.1,billable
TS00937,EMP024,PRJ027,17.06.2024,2.0,billable
TS00938,EMP017,PRJ034,2024-04-30,5.9,billable
TS00939,EMP012,PRJ008,08/09/2025,7.0,billable
TS00940,EMP005,PRJ008,15/01/2025,3.1,billable
TS00941,EMP005,PRJ027,19/02/2024,7.6,billable
TS00942,EMP016,PRJ001,2024-05-07,4.8,billable
TS00943,EMP019,PRJ029,11.12.2024,6.5,billable
TS00944,EMP005,PRJ033,13/10/2025,4.2,billable
TS00945,EMP003,PRJ027,31.01.2025,2.6,billable
TS00946,EMP015,PRJ018,2025-10-23,1.6,billable
TS00947,EMP023,PRJ020,2025-07-28,5.5,billable
TS00948,EMP019,PRJ004,06.08.2025,4.7,internal
TS00949,EMP018,PRJ012,22.01.2024,2.9,billable
TS00950,EMP003,PRJ035,15/09/2025,3.2,billable
TS00951,EMP014,PRJ012,28/02/2025,1.2,billable
TS00952,EMP004,PRJ035,2024-06-21,3.0,billable
TS00953,EMP022,PRJ011,2024-03-01,5.3,billable
TS00954,EMP004,PRJ021,27/05/2024,3.9,billable
TS00955,EMP002,PRJ013,02/09/2024,6.3,billable
TS00956,EMP004,PRJ018,2024-03-05,3.2,billable
TS00957,EMP008,PRJ002,2024-10-02,4.9,billable
TS00958,EMP005,PRJ020,04.08.2025,3.8,billable
TS00959,EMP005,PRJ024,07.07.2025,7.9,internal
TS00960,EMP018,PRJ029,12.02.2024,1.0,billable
TS00961,EMP001,PRJ004,08.05.2025,2.9,billable
TS00962,EMP021,PRJ014,2025-08-22,6.9,billable
TS00963,EMP010,PRJ006,10.02.2025,5.9,internal
TS00964,EMP014,PRJ014,17.09.2025,4.5,internal
TS00965,EMP025,PRJ029,08/10/2024,2.7,internal
TS00966,EMP011,PRJ002,09.12.2025,1.9,internal
TS00967,EMP022,PRJ012,27/02/2025,4.9,billable
TS00968,EMP021,PRJ005,07.07.2025,1.2,internal
TS00969,EMP013,PRJ023,31.01.2025,2.2,internal
TS00970,EMP012,PRJ013,31/03/2025,1.1,billable
TS00971,EMP007,PRJ006,2025-09-22,5.4,internal
TS00972,EMP012,PRJ003,14.10.2024,4.4,billable
TS00973,EMP021,PRJ026,23/04/2024,7.1,billable
TS00974,EMP024,PRJ012,2024-03-07,5.1,billable
TS00975,EMP008,PRJ034,07.10.2024,2.3,billable
TS00976,EMP022,PRJ030,03.01.2024,7.6,billable
TS00977,EMP014,PRJ027,07/10/2024,1.9,billable
TS00978,EMP024,PRJ015,20/02/2024,2.9,billable
TS00979,EMP011,PRJ006,2025-08-08,6.7,internal
TS00980,EMP003,PRJ016,22.07.2024,2.2,billable
TS00981,EMP014,PRJ002,29/08/2025,6.6,internal
TS00982,EMP011,PRJ004,2024-12-09,4.6,billable
TS00983,EMP025,PRJ007,2025-10-02,4.1,billable
TS00984,EMP023,PRJ005,2024-05-10,1.4,internal
TS00985,EMP003,PRJ007,24/11/2025,1.4,billable
TS00986,EMP014,PRJ015,05/09/2025,6.5,billable
TS00987,EMP020,PRJ007,2024-12-13,5.6,billable
TS00988,EMP007,PRJ007,15.04.2024,1.1,billable
TS00989,EMP019,PRJ009,14/10/2025,4.6,billable
TS00990,EMP008,PRJ009,15/02/2024,1.4,billable
TS00991,EMP012,PRJ020,2025-08-20,7.2,internal
TS00992,EMP010,PRJ024,2024-01-09,4.6,billable
TS00993,EMP018,PRJ004,10.03.2025,3.4,internal
TS00994,EMP011,PRJ013,14/11/2025,4.3,billable
TS00995,EMP019,PRJ022,2025-09-22,3.1,billable
TS00996,EMP002,PRJ032,12.08.2024,7.4,billable
TS00997,EMP008,PRJ031,05/12/2024,6.7,billable
TS00998,EMP012,PRJ001,2024-03-18,3.5,billable
TS00999,EMP019,PRJ024,14/02/2024,7.8,billable
TS01000,EMP024,PRJ012,2024-12-13,6.9,billable
TS01001,EMP004,PRJ002,2025-11-24,2.0,billable
TS01002,EMP015,PRJ016,13.01.2025,6.7,billable
TS01003,EMP014,PRJ005,2024-05-01,2.0,internal
TS01004,EMP012,PRJ021,2025-09-05,4.0,billable
TS01005,EMP018,PRJ019,03/06/2024,3.3,billable
TS01006,EMP019,PRJ032,02.08.2024,6.1,internal
TS01007,EMP013,PRJ033,20/01/2025,4.5,billable
TS01008,EMP016,PRJ032,30.04.2025,2.9,billable
TS01009,EMP007,PRJ029,28/08/2024,3.8,billable
TS01010,EMP012,PRJ017,17/07/2025,1.6,internal
TS01011,EMP019,PRJ003,21/04/2025,4.6,billable
TS01012,EMP016,PRJ021,2024-10-08,3.7,billable
TS01013,EMP003,PRJ019,28/05/2025,4.6,billable
TS01014,EMP003,PRJ024,09.02.2024,4.8,billable
TS01015,EMP025,PRJ018,16.07.2024,5.9,internal
TS01016,EMP001,PRJ020,15/10/2024,6.8,internal
TS01017,EMP025,PRJ001,2025-04-28,5.6,internal
TS01018,EMP024,PRJ014,30.04.2025,2.6,billable
TS01019,EMP015,PRJ022,28.03.2024,3.2,billable
TS01020,EMP018,PRJ002,20/01/2025,,internal
TS01021,EMP022,PRJ023,13/12/2024,2.6,billable
TS01022,EMP010,PRJ021,2025-08-26,1.2,internal
TS01023,EMP011,PRJ026,27.01.2025,2.4,billable
TS01024,EMP011,PRJ029,2025-10-16,7.3,billable
TS01025,EMP023,PRJ032,30/01/2024,2.3,billable
TS01026,EMP022,PRJ034,2024-03-12,4.2,billable
TS01027,EMP014,PRJ026,11/06/2024,7.9,billable
TS01028,EMP007,PRJ009,29.07.2024,3.2,internal
TS01029,EMP010,PRJ013,2025-05-29,6.0,
TS01030,EMP003,PRJ026,11.09.2025,6.7,billable
TS01031,EMP019,PRJ003,03/04/2024,3.0,internal
TS01032,EMP010,PRJ026,19/09/2025,6.8,internal
TS01033,EMP024,PRJ028,15.04.2025,3.7,billable
TS01034,EMP002,PRJ016,10/06/2024,2.9,billable
TS01035,EMP024,PRJ014,2025-05-20,3.9,internal
TS01036,EMP004,PRJ033,2024-11-29,3.9,billable
TS01037,EMP003,PRJ030,2025-01-27,3.4,billable
TS01038,EMP004,PRJ009,02/12/2024,5.7,billable
TS01039,EMP008,PRJ029,2024-05-23,4.3,billable
TS01040,EMP004,PRJ012,2024-10-28,1.9,billable
TS01041,EMP022,PRJ018,06.06.2024,4.1,billable
TS01042,EMP007,PRJ029,16.12.2025,1.3,billable
TS01043,EMP004,PRJ025,2025-12-09,3.2,billable
TS01044,EMP007,PRJ016,2025-01-20,7.4,billable
TS01045,EMP011,PRJ013,2025-11-27,5.7,billable
TS01046,EMP006,PRJ011,15/02/2024,3.9,billable
TS01047,EMP020,PRJ014,2025-07-08,3.8,billable
TS01048,EMP006,PRJ001,2025-02-17,5.6,billable
TS01049,EMP009,PRJ024,14/02/2024,1.5,billable
TS01050,EMP004,PRJ035,05.08.2025,2.2,internal
TS01051,EMP013,PRJ009,06.12.2024,2.2,internal
TS01052,EMP016,PRJ005,09/12/2024,1.1,internal
TS01053,EMP008,PRJ033,2025-08-26,5.9,billable
TS01054,EMP010,PRJ016,2025-03-14,6.3,billable
TS01055,EMP007,PRJ010,21.01.2025,2.4,billable
TS01056,EMP024,PRJ022,2024-05-17,2.9,billable
TS01057,EMP021,PRJ019,25/01/2024,2.6,billable
TS01058,EMP022,PRJ016,04/12/2025,5.9,billable
TS01059,EMP021,PRJ001,2024-03-07,7.1,billable
TS01060,EMP007,PRJ009,2024-04-03,2.2,billable
TS01061,EMP024,PRJ030,14/11/2024,2.1,billable
TS01062,EMP010,PRJ029,14/10/2025,2.4,internal
TS01063,EMP013,PRJ025,20.06.2024,4.3,billable
TS01064,EMP016,PRJ002,27/01/2025,4.0,billable
TS01065,EMP024,PRJ012,20/09/2024,3.7,billable
TS01066,EMP003,PRJ022,2024-05-21,6.0,
TS01067,EMP024,PRJ024,20/05/2025,3.8,billable
TS01068,EMP016,PRJ020,2025-10-20,7.9,billable
TS01069,EMP019,PRJ011,17.07.2024,6.3,internal
TS01070,EMP021,PRJ024,16/12/2025,1.4,billable
TS01071,EMP002,PRJ024,08.10.2025,5.9,billable
TS01072,EMP015,PRJ010,17.09.2024,2.7,billable
TS01073,EMP025,PRJ006,21.10.2025,6.0,billable
TS01074,EMP017,PRJ013,11.03.2025,2.2,billable
TS01075,EMP022,PRJ025,25.08.2025,3.2,billable
TS01076,EMP019,PRJ023,28.05.2024,2.9,billable
TS01077,EMP006,PRJ032,02/01/2024,1.7,internal
TS01078,EMP024,PRJ028,2024-06-25,2.2,billable
TS01079,EMP004,PRJ029,2025-08-05,6.7,billable
TS01080,EMP007,PRJ017,2025-02-24,4.1,internal
TS01081,EMP010,PRJ006,2025-01-21,1.9,billable
TS01082,EMP022,PRJ007,2024-01-10,1.4,internal
TS01083,EMP002,PRJ007,06.08.2024,4.7,billable
TS01084,EMP009,PRJ032,29/04/2025,6.3,billable
TS01085,EMP011,PRJ016,2025-01-06,5.7,billable
TS01086,EMP004,PRJ001,2025-04-14,7.1,billable
TS01087,EMP017,PRJ018,17/12/2025,6.3,billable
TS01088,EMP016,PRJ033,27.02.2025,5.6,billable
TS01089,EMP001,PRJ024,16.02.2024,7.8,billable
TS01090,EMP013,PRJ006,24/12/2024,4.0,internal
TS01091,EMP004,PRJ025,29.10.2024,5.3,billable
TS01092,EMP023,PRJ033,02/02/2024,1.9,internal
TS01093,EMP015,PRJ011,01.04.2025,7.7,billable
TS01094,EMP025,PRJ006,2024-04-18,4.0,billable
TS01095,EMP013,PRJ018,13.08.2024,6.0,billable
TS01096,EMP018,PRJ032,2024-04-02,6.6,billable
TS01097,EMP020,PRJ005,21.10.2025,3.4,internal
TS01098,EMP021,PRJ028,2024-08-26,2.6,billable
TS01099,EMP019,PRJ013,30/04/2024,5.0,billable
TS01100,EMP001,PRJ020,04/03/2024,5.1,billable
TS01101,EMP012,PRJ009,2025-06-16,5.6,billable
TS01102,EMP015,PRJ021,2024-05-28,6.7,billable
TS01103,EMP020,PRJ019,29.05.2024,6.2,internal
TS01104,EMP017,PRJ008,07/10/2024,8.0,billable
TS01105,EMP010,PRJ025,01.03.2024,7.9,billable
TS01106,EMP008,PRJ004,02/07/2024,7.0,billable
TS01107,EMP006,PRJ002,15/07/2025,3.7,billable
TS01108,EMP013,PRJ005,2025-06-24,6.1,billable
TS01109,EMP004,PRJ009,2024-11-27,6.3,billable
TS01110,EMP015,PRJ011,14/08/2025,2.0,billable
TS01111,EMP024,PRJ013,28.10.2025,1.1,billable
TS01112,EMP005,PRJ025,2025-03-13,5.8,billable
TS01113,EMP006,PRJ004,30.04.2024,7.9,billable
TS01114,EMP024,PRJ026,09/09/2024,1.2,billable
TS01115,EMP006,PRJ025,2025-12-09,7.9,billable
TS01116,EMP021,PRJ025,2024-10-08,5.4,billable
TS01117,EMP016,PRJ033,20.08.2024,1.2,billable
TS01118,EMP004,PRJ012,28/01/2025,4.4,billable
TS01119,EMP011,PRJ005,2025-12-31,7.4,internal
TS01120,EMP013,PRJ035,26.06.2025,4.4,billable
TS01121,EMP021,PRJ008,2024-07-31,7.8,internal
TS01122,EMP001,PRJ029,2024-11-19,1.9,billable
TS01123,EMP009,PRJ003,27/03/2024,7.9,billable
TS01124,EMP022,PRJ001,11.09.2024,3.1,internal
TS01125,EMP018,PRJ029,23.05.2024,5.0,billable
TS01126,EMP020,PRJ035,2025-06-06,2.5,billable
TS01127,EMP010,PRJ014,17/05/2024,5.2,billable
TS01128,EMP014,PRJ005,2025-07-17,2.8,billable
TS01129,EMP009,PRJ028,12.12.2025,2.0,billable
TS01130,EMP023,PRJ013,16.01.2025,4.9,billable
TS01131,EMP005,PRJ021,2025-03-20,3.7,internal
TS01132,EMP004,PRJ027,08/03/2024,3.3,billable
TS01133,EMP008,PRJ018,2024-01-11,1.7,internal
TS01134,EMP004,PRJ012,23/06/2025,6.1,billable
TS01135,EMP019,PRJ019,2025-07-18,2.9,billable
TS01136,EMP013,PRJ012,19.12.2024,6.6,billable
TS01137,EMP013,PRJ031,29.08.2025,1.9,billable
TS01138,EMP005,PRJ025,04.08.2025,6.1,billable
TS01139,EMP025,PRJ016,2025-11-25,5.3,billable
TS01140,EMP015,PRJ033,22.10.2024,2.9,billable
TS01141,EMP010,PRJ006,2024-11-08,3.8,billable
TS01142,EMP008,PRJ006,18/06/2024,5.0,billable
TS01143,EMP001,PRJ028,24/11/2025,4.6,billable
TS01144,EMP022,PRJ035,2025-12-15,1.9,billable
TS01145,EMP023,PRJ028,22.12.2025,4.7,billable
TS01146,EMP017,PRJ003,15.09.2025,4.1,billable
TS01147,EMP012,PRJ009,10/06/2025,3.5,billable
TS01148,EMP004,PRJ022,2025-11-26,2.7,billable
TS01149,EMP009,PRJ014,2024-01-03,6.2,billable
TS01150,EMP021,PRJ033,06/02/2024,,internal
TS01151,EMP015,PRJ022,01.11.2024,3.5,billable
TS01152,EMP004,PRJ028,2025-05-20,2.4,billable
TS01153,EMP001,PRJ010,03/11/2025,2.8,billable
TS01154,EMP006,PRJ035,02/10/2024,1.8,billable
TS01155,EMP014,PRJ001,2025-01-02,7.2,billable
TS01156,EMP013,PRJ027,2024-12-05,7.3,billable
TS01157,EMP009,PRJ008,07.03.2025,4.4,billable
TS01158,EMP025,PRJ026,28/05/2025,6.1,billable
TS01159,EMP001,PRJ009,10.06.2024,3.4,billable
TS01160,EMP011,PRJ028,03/09/2025,6.2,billable
TS01161,EMP014,PRJ016,2025-09-24,2.1,billable
TS01162,EMP009,PRJ016,13.11.2025,6.7,billable
TS01163,EMP024,PRJ033,17.09.2025,2.3,internal
TS01164,EMP004,PRJ009,2025-02-14,1.3,internal
TS01165,EMP003,PRJ004,24.01.2025,3.9,billable
TS01166,EMP014,PRJ031,05/03/2024,4.6,billable
TS01167,EMP012,PRJ027,2024-09-09,3.2,
TS01168,EMP011,PRJ014,2024-10-21,4.3,internal
TS01169,EMP016,PRJ024,2024-12-10,3.1,billable
TS01170,EMP005,PRJ022,06.01.2025,6.2,billable
TS01171,EMP021,PRJ018,2024-08-05,5.1,billable
TS01172,EMP004,PRJ003,2025-08-25,7.8,internal
TS01173,EMP004,PRJ005,15/07/2025,5.3,billable
TS01174,EMP024,PRJ010,14.02.2024,1.9,billable
TS01175,EMP018,PRJ023,09/01/2025,4.1,billable
TS01176,EMP017,PRJ002,2024-06-19,5.2,billable
TS01177,EMP002,PRJ013,11.02.2025,4.5,billable
TS01178,EMP025,PRJ033,28.01.2025,4.9,billable
TS01179,EMP006,PRJ014,29.08.2025,5.9,internal
TS01180,EMP017,PRJ017,06/11/2024,7.0,billable
TS01181,EMP002,PRJ035,02/09/2024,3.0,billable
TS01182,EMP002,PRJ016,05/08/2024,4.7,billable
TS01183,EMP011,PRJ006,2025-12-23,7.2,billable
TS01184,EMP011,PRJ004,2025-10-02,6.7,internal
TS01185,EMP009,PRJ002,04.07.2025,5.6,internal
TS01186,EMP013,PRJ017,03/10/2025,5.4,billable
TS01187,EMP019,PRJ026,10/06/2024,4.1,billable
TS01188,EMP003,PRJ032,2024-07-04,4.2,internal
TS01189,EMP024,PRJ012,2025-10-27,3.0,billable
TS01190,EMP007,PRJ005,28.05.2024,1.5,billable
TS01191,EMP017,PRJ009,2024-01-15,5.2,billable
TS01192,EMP021,PRJ003,2024-05-15,2.7,billable
TS01193,EMP001,PRJ007,09.07.2025,6.2,billable
TS01194,EMP025,PRJ029,2024-06-18,3.2,billable
TS01195,EMP021,PRJ035,06.05.2024,1.1,billable
TS01196,EMP014,PRJ010,02/01/2024,7.4,billable
TS01197,EMP010,PRJ015,2025-12-01,3.7,internal
TS01198,EMP008,PRJ007,2024-10-15,3.5,billable
TS01199,EMP003,PRJ003,11/09/2025,2.1,billable
TS01200,EMP005,PRJ020,2025-10-01,6.7,billable
TS01201,EMP012,PRJ017,2025-12-29,6.6,internal
TS01202,EMP005,PRJ025,02/04/2025,6.0,internal
TS01203,EMP014,PRJ018,2024-05-28,1.6,internal
TS01204,EMP016,PRJ028,07.05.2025,5.9,billable
TS01205,EMP021,PRJ016,27.01.2025,3.9,billable
TS01206,EMP008,PRJ025,26.03.2024,5.1,billable
TS01207,EMP008,PRJ006,2024-08-28,3.5,billable
TS01208,EMP005,PRJ008,2024-03-04,7.4,billable
TS01209,EMP018,PRJ027,05.09.2024,2.5,billable
TS01210,EMP023,PRJ010,21/01/2025,6.1,billable
TS01211,EMP022,PRJ005,2025-05-05,6.9,internal
TS01212,EMP008,PRJ005,2024-01-15,5.0,internal
TS01213,EMP005,PRJ034,16.12.2025,7.6,billable
TS01214,EMP023,PRJ001,22.10.2024,1.8,billable
TS01215,EMP017,PRJ011,12/01/2024,3.8,billable
TS01216,EMP019,PRJ033,2024-11-11,6.0,billable
TS01217,EMP013,PRJ009,06/08/2024,3.8,billable
TS01218,EMP018,PRJ005,10.12.2025,4.3,billable
TS01219,EMP002,PRJ024,2025-10-24,4.0,billable
TS01220,EMP011,PRJ002,2024-09-02,3.0,billable
TS01221,EMP010,PRJ013,2025-07-18,2.4,internal
TS01222,EMP019,PRJ003,2025-07-31,7.9,billable
TS01223,EMP001,PRJ023,16/10/2024,7.7,billable
TS01224,EMP005,PRJ007,2024-12-05,3.9,billable
TS01225,EMP001,PRJ025,05/05/2025,5.1,internal
TS01226,EMP003,PRJ006,27.08.2024,7.2,internal
TS01227,EMP017,PRJ034,15/09/2025,5.6,internal
TS01228,EMP010,PRJ024,30.09.2025,7.0,billable
TS01229,EMP007,PRJ005,2024-06-05,5.0,internal
TS01230,EMP010,PRJ006,27/05/2025,1.7,billable
TS01231,EMP012,PRJ023,01/04/2024,1.5,billable
TS01232,EMP009,PRJ029,27.10.2025,7.5,internal
TS01233,EMP010,PRJ026,2025-02-24,7.0,internal
TS01234,EMP020,PRJ021,17/01/2025,1.6,billable
TS01235,EMP022,PRJ003,2025-09-29,7.8,billable
TS01236,EMP005,PRJ007,2024-10-24,3.6,billable
TS01237,EMP022,PRJ006,23/12/2024,4.3,billable
TS01238,EMP004,PRJ026,19/03/2025,2.4,billable
TS01239,EMP007,PRJ031,2024-04-29,2.9,billable
TS01240,EMP007,PRJ021,04/08/2025,1.2,billable
TS01241,EMP014,PRJ031,06.08.2024,1.4,internal
TS01242,EMP006,PRJ006,27/05/2024,1.5,billable
TS01243,EMP014,PRJ034,2024-08-07,5.7,billable
TS01244,EMP011,PRJ020,17/06/2024,2.4,internal
TS01245,EMP006,PRJ028,2024-12-31,7.4,billable
TS01246,EMP007,PRJ005,14.11.2025,5.0,billable
TS01247,EMP024,PRJ021,2024-01-15,2.1,billable
TS01248,EMP022,PRJ027,26/09/2024,4.6,billable
TS01249,EMP021,PRJ029,2025-10-16,7.8,billable
TS01250,EMP023,PRJ035,2024-06-19,5.2,billable
TS01251,EMP019,PRJ001,14/01/2025,6.7,billable
TS01252,EMP023,PRJ032,28/10/2025,8.0,billable
TS01253,EMP017,PRJ022,26/04/2024,7.5,billable
TS01254,EMP018,PRJ028,27.01.2025,3.0,billable
TS01255,EMP020,PRJ007,01.04.2024,6.6,
TS01256,EMP004,PRJ032,30/09/2025,7.5,billable
TS01257,EMP022,PRJ019,06.03.2025,2.5,internal
TS01258,EMP016,PRJ008,25/12/2024,7.8,internal
TS01259,EMP024,PRJ026,08.01.2024,7.6,internal
TS01260,EMP009,PRJ020,28/02/2025,5.7,billable
TS01261,EMP012,PRJ034,08.09.2025,3.2,billable
TS01262,EMP013,PRJ013,23.09.2025,5.5,internal
TS01263,EMP013,PRJ012,18/02/2025,7.3,billable
TS01264,EMP005,PRJ033,01.05.2024,5.4,internal
TS01265,EMP006,PRJ021,2024-07-29,1.7,billable
TS01266,EMP001,PRJ035,21.03.2024,5.0,billable
TS01267,EMP021,PRJ023,10/07/2024,2.7,internal
TS01268,EMP024,PRJ025,2024-09-23,5.6,billable
TS01269,EMP019,PRJ007,2024-04-23,4.2,billable
TS01270,EMP006,PRJ006,2024-03-20,4.5,billable
TS01271,EMP001,PRJ027,2024-03-18,4.4,billable
TS01272,EMP011,PRJ029,2024-06-13,2.3,billable
TS01273,EMP002,PRJ008,17.12.2024,,billable
TS01274,EMP017,PRJ017,2024-05-06,2.3,billable
TS01275,EMP007,PRJ024,2024-04-29,7.3,billable
TS01276,EMP005,PRJ018,07/10/2024,4.4,internal
TS01277,EMP015,PRJ032,2025-03-24,4.6,billable
TS01278,EMP023,PRJ018,06.02.2025,1.7,internal
TS01279,EMP024,PRJ032,19.03.2025,7.2,billable
TS01280,EMP004,PRJ025,17.03.2025,2.4,billable
TS01281,EMP002,PRJ033,16.09.2024,5.1,billable
TS01282,EMP013,PRJ002,2024-04-29,2.3,billable
TS01283,EMP022,PRJ024,2025-01-15,2.0,billable
TS01284,EMP011,PRJ014,2025-04-21,5.0,billable
TS01285,EMP020,PRJ014,23.06.2025,2.5,billable
TS01286,EMP022,PRJ005,12/08/2025,7.2,billable
TS01287,EMP007,PRJ004,20/05/2025,4.5,internal
TS01288,EMP020,PRJ021,28/08/2025,3.7,
TS01289,EMP019,PRJ001,17/04/2025,3.0,internal
TS01290,EMP017,PRJ003,2024-12-11,5.5,billable
TS01291,EMP010,PRJ018,20.11.2024,6.3,billable
TS01292,EMP002,PRJ026,01.11.2024,5.9,billable
TS01293,EMP012,PRJ007,2024-01-30,2.6,internal
TS01294,EMP023,PRJ028,19/08/2024,2.2,billable
TS01295,EMP001,PRJ004,2024-09-24,7.2,billable
TS01296,EMP011,PRJ025,03.10.2024,5.9,internal
TS01297,EMP005,PRJ027,14.10.2025,4.1,billable
TS01298,EMP016,PRJ018,2024-11-25,6.4,billable
TS01299,EMP003,PRJ023,25.07.2025,6.8,billable
TS01300,EMP003,PRJ005,2025-05-21,1.4,billable
TS01301,EMP016,PRJ007,16.12.2024,2.5,billable
TS01302,EMP010,PRJ030,2025-11-04,2.1,billable
TS01303,EMP015,PRJ033,26/07/2024,6.5,billable
TS01304,EMP019,PRJ007,2024-05-30,4.2,billable
TS01305,EMP006,PRJ018,30/01/2024,4.3,billable
TS01306,EMP003,PRJ023,17/03/2025,2.5,billable
TS01307,EMP009,PRJ024,10/04/2024,1.3,billable
TS01308,EMP006,PRJ018,2025-06-26,5.3,billable
TS01309,EMP004,PRJ015,29/04/2024,1.4,billable
TS01310,EMP009,PRJ015,29/09/2025,5.9,billable
TS01311,EMP023,PRJ018,22/05/2025,2.4,internal
TS01312,EMP010,PRJ001,08.04.2024,2.3,internal
TS01313,EMP023,PRJ016,2024-06-25,3.2,billable
TS01314,EMP001,PRJ031,14/03/2025,3.3,billable
TS01315,EMP025,PRJ001,2025-09-02,3.5,billable
TS01316,EMP004,PRJ003,2024-01-18,5.0,internal
TS01317,EMP005,PRJ007,12/04/2024,3.1,billable
TS01318,EMP018,PRJ017,2025-11-10,4.4,billable
TS01319,EMP011,PRJ034,10.11.2025,7.0,internal
TS01320,EMP017,PRJ002,31.05.2024,7.9,internal
TS01321,EMP001,PRJ016,14/08/2025,6.2,internal
TS01322,EMP013,PRJ007,07/10/2024,7.1,billable
TS01323,EMP006,PRJ017,26.11.2025,3.4,billable
TS01324,EMP010,PRJ013,12.02.2024,5.1,billable
TS01325,EMP019,PRJ023,22.10.2024,1.8,billable
TS01326,EMP017,PRJ019,30/09/2025,4.9,billable
TS01327,EMP001,PRJ030,2024-02-13,2.5,internal
TS01328,EMP014,PRJ023,2025-11-07,6.8,billable
TS01329,EMP017,PRJ010,29.03.2024,6.0,billable
TS01330,EMP003,PRJ019,2024-08-12,1.2,internal
TS01331,EMP014,PRJ026,10.04.2024,7.3,internal
TS01332,EMP022,PRJ021,15/08/2025,2.0,internal
TS01333,EMP010,PRJ020,28/03/2024,3.1,internal
TS01334,EMP014,PRJ007,21.05.2024,4.7,billable
TS01335,EMP015,PRJ023,13/03/2025,4.3,internal
TS01336,EMP025,PRJ027,02/04/2024,6.3,billable
TS01337,EMP012,PRJ009,29/09/2025,4.8,billable
TS01338,EMP005,PRJ026,17.11.2025,1.0,internal
TS01339,EMP002,PRJ018,27/10/2025,1.7,billable
TS01340,EMP002,PRJ008,2025-08-21,5.7,billable
TS01341,EMP018,PRJ032,2024-05-21,2.6,billable
TS01342,EMP001,PRJ032,2025-09-30,5.8,billable
TS01343,EMP017,PRJ007,10.09.2024,2.4,billable
TS01344,EMP004,PRJ020,2025-02-18,4.4,billable
TS01345,EMP020,PRJ029,04.11.2025,5.3,billable
TS01346,EMP024,PRJ016,2024-06-25,4.6,billable
TS01347,EMP022,PRJ007,25/08/2025,4.5,billable
TS01348,EMP015,PRJ027,2025-03-11,2.0,billable
TS01349,EMP010,PRJ003,22/10/2025,5.6,billable
TS01350,EMP005,PRJ030,14/04/2025,2.9,internal
TS01351,EMP007,PRJ023,2025-12-24,4.7,billable
TS01352,EMP024,PRJ022,15/04/2025,6.0,internal
TS01353,EMP013,PRJ005,22.10.2025,4.4,internal
TS01354,EMP017,PRJ034,24.09.2024,1.9,billable
TS01355,EMP013,PRJ005,2024-02-16,1.2,billable
TS01356,EMP022,PRJ031,27.11.2024,6.3,internal
TS01357,EMP006,PRJ025,06/03/2025,7.5,billable
TS01358,EMP003,PRJ029,2025-01-20,5.2,internal
TS01359,EMP013,PRJ009,14/10/2025,5.0,billable
TS01360,EMP008,PRJ013,2024-06-14,4.0,billable
TS01361,EMP022,PRJ007,2024-07-29,1.2,billable
TS01362,EMP018,PRJ005,16.12.2024,2.3,billable
TS01363,EMP007,PRJ031,27.05.2025,3.5,billable
TS01364,EMP015,PRJ028,2025-10-02,3.6,billable
TS01365,EMP004,PRJ008,27/05/2025,2.6,billable
TS01366,EMP010,PRJ017,2025-02-03,5.9,billable
TS01367,EMP019,PRJ016,16/06/2025,7.5,billable
TS01368,EMP004,PRJ031,26/09/2024,5.6,billable
TS01369,EMP025,PRJ004,22/05/2024,2.4,internal
TS01370,EMP002,PRJ016,20.05.2025,1.5,internal
TS01371,EMP002,PRJ023,13.03.2024,7.6,billable
TS01372,EMP016,PRJ009,04/10/2024,6.1,billable
TS01373,EMP014,PRJ031,2024-11-06,6.5,internal
TS01374,EMP025,PRJ013,01.07.2025,5.3,billable
TS01375,EMP002,PRJ025,21/01/2025,5.9,billable
TS01376,EMP004,PRJ024,2024-12-26,2.4,billable
TS01377,EMP001,PRJ015,26.02.2025,6.2,internal
TS01378,EMP001,PRJ016,2024-02-28,1.5,billable
TS01379,EMP020,PRJ016,28.10.2024,1.9,billable
TS01380,EMP009,PRJ035,29/07/2024,4.5,billable
TS01381,EMP015,PRJ020,10.01.2025,6.5,billable
TS01382,EMP011,PRJ035,30/05/2025,1.7,billable
TS01383,EMP009,PRJ006,29.07.2024,7.4,internal
TS01384,EMP007,PRJ008,2025-01-16,6.1,internal
TS01385,EMP021,PRJ030,26/04/2024,1.1,internal
TS01386,EMP003,PRJ004,2024-10-14,7.0,billable
TS01387,EMP002,PRJ015,29.07.2024,3.7,billable
TS01388,EMP018,PRJ023,29/01/2024,7.4,internal
TS01389,EMP025,PRJ014,29/01/2024,3.4,internal
TS01390,EMP024,PRJ004,23.04.2024,4.9,internal
TS01391,EMP018,PRJ030,10.03.2025,5.0,billable
TS01392,EMP015,PRJ016,15.05.2024,7.4,billable
TS01393,EMP008,PRJ035,29.10.2024,3.4,billable
TS01394,EMP009,PRJ001,07/05/2024,3.1,billable
TS01395,EMP001,PRJ029,10/01/2024,4.3,internal
TS01396,EMP014,PRJ004,18.08.2025,7.6,billable
TS01397,EMP015,PRJ012,23/09/2024,6.4,billable
TS01398,EMP005,PRJ004,26.08.2024,1.8,billable
TS01399,EMP011,PRJ003,22.07.2025,6.0,billable
TS01400,EMP001,PRJ023,07/07/2025,6.0,billable
TS01401,EMP004,PRJ033,20/03/2024,2.7,billable
TS01402,EMP003,PRJ028,16/10/2024,2.0,billable
TS01403,EMP021,PRJ024,2025-04-28,7.6,billable
TS01404,EMP005,PRJ002,18.04.2024,5.3,internal
TS01405,EMP019,PRJ023,08.08.2024,3.7,billable
TS01406,EMP021,PRJ006,20.03.2024,7.7,internal
TS01407,EMP018,PRJ027,07.07.2025,6.1,internal
TS01408,EMP022,PRJ034,16.06.2025,4.1,billable
TS01409,EMP008,PRJ024,2024-08-26,4.2,billable
TS01410,EMP014,PRJ024,22/03/2024,3.5,billable
TS01411,EMP015,PRJ027,2024-08-23,5.0,internal
TS01412,EMP014,PRJ009,12/09/2025,2.8,billable
TS01413,EMP017,PRJ010,2025-08-12,4.5,internal
TS01414,EMP001,PRJ011,03.05.2024,3.9,internal
TS01415,EMP005,PRJ003,2025-03-17,1.2,billable
TS01416,EMP013,PRJ028,2024-12-30,1.9,billable
TS01417,EMP011,PRJ007,16/02/2024,1.5,internal
TS01418,EMP024,PRJ028,23.10.2024,6.3,billable
TS01419,EMP017,PRJ006,04/06/2024,7.3,billable
TS01420,EMP011,PRJ029,2024-07-01,4.6,billable
TS01421,EMP002,PRJ034,23/06/2025,5.1,internal
TS01422,EMP025,PRJ012,28.05.2024,1.3,internal
TS01423,EMP019,PRJ021,11/04/2024,3.4,billable
TS01424,EMP006,PRJ019,2024-09-24,7.9,internal
TS01425,EMP007,PRJ033,21.06.2024,1.2,internal
TS01426,EMP016,PRJ002,13.01.2025,2.4,internal
TS01427,EMP005,PRJ030,2024-10-29,7.4,billable
TS01428,EMP009,PRJ006,2024-05-20,8.0,billable
TS01429,EMP024,PRJ015,19/03/2024,3.3,billable
TS01430,EMP022,PRJ005,2025-12-24,5.8,internal
TS01431,EMP017,PRJ021,15.07.2024,6.9,billable
TS01432,EMP001,PRJ016,2024-05-20,5.1,internal
TS01433,EMP005,PRJ032,2024-07-10,6.1,billable
TS01434,EMP017,PRJ014,04.01.2024,4.0,billable
TS01435,EMP014,PRJ017,22.09.2025,3.7,billable
TS01436,EMP006,PRJ020,27/08/2024,7.1,billable
TS01437,EMP012,PRJ035,07/05/2025,3.1,billable
TS01438,EMP008,PRJ028,30.04.2024,2.2,internal
TS01439,EMP023,PRJ009,12.05.2025,6.9,internal
TS01440,EMP010,PRJ018,03/06/2025,2.5,internal
TS01441,EMP009,PRJ021,25/02/2025,3.7,billable
TS01442,EMP016,PRJ015,13/12/2024,5.5,billable
TS01443,EMP006,PRJ035,30.07.2024,6.5,billable
TS01444,EMP018,PRJ002,22.01.2024,6.6,billable
TS01445,EMP025,PRJ005,03.11.2025,1.3,billable
TS01446,EMP018,PRJ026,22/08/2024,3.0,billable
TS01447,EMP024,PRJ016,16.01.2024,1.3,billable
TS01448,EMP016,PRJ003,11.06.2024,3.0,billable
TS01449,EMP009,PRJ008,21.01.2025,5.6,billable
TS01450,EMP003,PRJ005,02/06/2025,6.1,internal
TS01451,EMP018,PRJ010,2024-04-09,6.2,internal
TS01452,EMP011,PRJ028,10/06/2025,6.2,billable
TS01453,EMP021,PRJ031,20/01/2025,3.0,billable
TS01454,EMP023,PRJ035,02/06/2025,2.7,billable
TS01455,EMP025,PRJ035,2024-04-22,4.2,billable
TS01456,EMP012,PRJ031,2025-07-30,1.8,billable
TS01457,EMP004,PRJ011,2024-07-31,7.1,billable
TS01458,EMP016,PRJ034,05/08/2025,6.3,billable
TS01459,EMP011,PRJ010,07/02/2024,3.3,billable
TS01460,EMP007,PRJ032,2025-07-14,4.5,internal
TS01461,EMP017,PRJ006,2024-04-17,4.0,billable
TS01462,EMP024,PRJ008,2024-06-19,2.4,internal
TS01463,EMP006,PRJ034,13/05/2025,2.0,internal
TS01464,EMP014,PRJ019,25/11/2025,2.9,billable
TS01465,EMP010,PRJ034,02.12.2025,2.4,billable
TS01466,EMP016,PRJ030,05.08.2024,7.6,internal
TS01467,EMP006,PRJ034,2025-04-30,1.1,billable
TS01468,EMP001,PRJ020,19.12.2025,2.3,billable
TS01469,EMP020,PRJ030,02.09.2025,2.1,billable
TS01470,EMP001,PRJ013,08/10/2024,3.0,internal
TS01471,EMP020,PRJ026,2024-09-17,4.9,billable
TS01472,EMP024,PRJ014,2024-10-15,2.2,billable
TS01473,EMP025,PRJ025,04.12.2024,5.0,internal
TS01474,EMP020,PRJ031,2024-08-02,2.2,internal
TS01475,EMP005,PRJ010,2024-06-17,4.3,billable
TS01476,EMP017,PRJ029,11.03.2025,5.7,billable
TS01477,EMP013,PRJ025,29.01.2025,5.9,billable
TS01478,EMP020,PRJ014,19.06.2024,7.6,internal
TS01479,EMP015,PRJ032,12.12.2025,6.5,billable
TS01480,EMP006,PRJ002,09/01/2025,7.0,internal
TS01481,EMP018,PRJ013,2025-01-28,3.6,internal
TS01482,EMP007,PRJ001,25/08/2025,3.2,billable
TS01483,EMP001,PRJ018,06/02/2024,5.5,billable
TS01484,EMP009,PRJ018,2025-10-02,1.4,billable
TS01485,EMP020,PRJ030,19.05.2025,2.2,billable
TS01486,EMP002,PRJ024,30.01.2024,5.3,billable
TS01487,EMP005,PRJ006,05/03/2025,6.8,billable
TS01488,EMP004,PRJ035,11.10.2024,7.9,billable
TS01489,EMP022,PRJ021,29.12.2025,2.2,internal
TS01490,EMP022,PRJ026,2025-03-04,6.9,billable
TS01491,EMP005,PRJ018,26.03.2024,2.2,billable
TS01492,EMP006,PRJ001,14/11/2024,2.9,billable
TS01493,EMP003,PRJ030,02.04.2024,1.8,billable
TS01494,EMP021,PRJ002,24/06/2024,6.5,billable
TS01495,EMP008,PRJ020,2025-11-28,5.5,internal
TS01496,EMP010,PRJ004,2025-01-23,5.9,billable
TS01497,EMP007,PRJ018,23.07.2024,2.2,billable
TS01498,EMP012,PRJ024,23.12.2024,6.4,billable
TS01499,EMP019,PRJ025,10.06.2024,4.8,billable
TS01500,EMP022,PRJ019,31.07.2024,3.4,internal
TS01501,EMP003,PRJ033,2024-08-05,2.8,billable
TS01502,EMP021,PRJ012,01/05/2025,2.0,billable
TS01503,EMP002,PRJ021,2025-12-19,1.7,billable
TS01504,EMP011,PRJ007,10/07/2024,7.4,billable
TS01505,EMP015,PRJ030,01/09/2025,5.0,billable
TS01506,EMP024,PRJ024,09/09/2025,3.4,billable
TS01507,EMP008,PRJ033,22.04.2024,3.9,internal
TS01508,EMP017,PRJ011,05.11.2024,7.2,internal
TS01509,EMP025,PRJ009,2024-05-13,5.6,internal
TS01510,EMP025,PRJ010,2024-12-20,4.2,billable
TS01511,EMP006,PRJ020,2024-11-12,1.6,billable
TS01512,EMP005,PRJ024,08/01/2024,4.3,billable
TS01513,EMP007,PRJ031,2025-11-17,3.6,billable
TS01514,EMP005,PRJ021,16/05/2024,3.8,billable
TS01515,EMP014,PRJ026,30.06.2025,1.5,billable
TS01516,EMP020,PRJ012,2024-08-28,3.6,billable
TS01517,EMP003,PRJ015,21/05/2024,4.5,billable
TS01518,EMP021,PRJ012,11.03.2025,2.1,billable
TS01519,EMP014,PRJ012,2024-06-18,3.8,billable
TS01520,EMP022,PRJ007,2025-11-04,7.0,internal
TS01521,EMP017,PRJ025,03.12.2025,4.2,billable
TS01522,EMP010,PRJ028,23/09/2024,6.2,billable
TS01523,EMP023,PRJ022,2025-07-01,7.8,billable
TS01524,EMP013,PRJ006,04.06.2024,1.0,internal
TS01525,EMP020,PRJ030,2025-03-21,1.3,billable
TS01526,EMP002,PRJ024,2024-09-17,4.0,billable
TS01527,EMP012,PRJ027,2024-01-18,4.1,billable
TS01528,EMP002,PRJ035,2025-02-11,2.7,billable
TS01529,EMP016,PRJ028,08.10.2024,3.4,billable
TS01530,EMP024,PRJ034,05/08/2025,4.2,billable
TS01531,EMP024,PRJ007,28/01/2025,4.6,billable
TS01532,EMP014,PRJ026,23.01.2024,2.3,billable
TS01533,EMP014,PRJ008,15.07.2024,5.0,internal
TS01534,EMP008,PRJ004,20/01/2025,5.0,billable
TS01535,EMP006,PRJ018,2025-05-28,5.7,billable
TS01536,EMP014,PRJ014,22/01/2024,6.5,billable
TS01537,EMP021,PRJ021,09/04/2024,2.5,billable
TS01538,EMP024,PRJ030,25.08.2025,3.9,billable
TS01539,EMP001,PRJ022,2024-12-16,3.2,internal
TS01540,EMP007,PRJ035,15/12/2025,2.2,billable
TS01541,EMP003,PRJ032,28.07.2025,7.9,billable
TS01542,EMP010,PRJ021,07.04.2025,5.7,billable
TS01543,EMP019,PRJ028,03/03/2025,8.0,billable
TS01544,EMP008,PRJ025,2025-07-04,1.9,billable
TS01545,EMP004,PRJ019,01.07.2024,7.1,internal
TS01546,EMP012,PRJ014,04/03/2025,7.3,billable
TS01547,EMP022,PRJ021,29/05/2025,4.7,billable
TS01548,EMP015,PRJ011,02/07/2024,3.8,billable
TS01549,EMP022,PRJ007,27/01/2025,5.1,billable
TS01550,EMP020,PRJ015,2024-05-21,5.3,billable
TS01551,EMP001,PRJ021,16/09/2025,2.7,billable
TS01552,EMP001,PRJ025,2025-07-21,4.6,billable
TS01553,EMP008,PRJ012,28/04/2025,7.6,internal
TS01554,EMP001,PRJ014,14.08.2025,4.2,billable
TS01555,EMP006,PRJ030,27/05/2025,5.5,internal
TS01556,EMP008,PRJ030,12.03.2024,1.0,billable
TS01557,EMP016,PRJ025,13.03.2024,6.5,internal
TS01558,EMP020,PRJ035,2024-01-25,4.1,internal
TS01559,EMP024,PRJ003,07.01.2025,3.8,internal
TS01560,EMP004,PRJ007,29.05.2024,6.9,internal
TS01561,EMP006,PRJ024,2025-02-26,5.6,billable
TS01562,EMP004,PRJ022,21.10.2025,5.9,billable
TS01563,EMP009,PRJ022,29/10/2024,5.8,billable
TS01564,EMP020,PRJ003,2024-05-23,2.0,billable
TS01565,EMP023,PRJ019,12.11.2024,7.6,billable
TS01566,EMP022,PRJ019,2024-06-07,6.2,billable
TS01567,EMP009,PRJ015,2024-01-29,7.0,billable
TS01568,EMP024,PRJ033,2025-06-13,3.8,billable
TS01569,EMP019,PRJ033,19/11/2024,4.7,billable
TS01570,EMP016,PRJ012,2025-05-12,7.3,billable
TS01571,EMP008,PRJ010,2024-10-11,5.3,billable
TS01572,EMP015,PRJ001,20/06/2025,7.3,billable
TS01573,EMP004,PRJ022,03.06.2025,1.5,billable
TS01574,EMP003,PRJ004,02/04/2025,5.0,billable
TS01575,EMP021,PRJ016,2024-08-21,5.8,billable
TS01576,EMP009,PRJ006,2024-07-15,6.1,internal
TS01577,EMP008,PRJ016,2025-08-22,6.3,billable
TS01578,EMP011,PRJ005,22/07/2024,4.3,billable
TS01579,EMP007,PRJ032,2024-11-05,5.0,billable
TS01580,EMP021,PRJ013,26/08/2025,6.6,billable
TS01581,EMP014,PRJ018,19/05/2025,5.4,billable
TS01582,EMP010,PRJ017,30.06.2025,2.7,billable
TS01583,EMP004,PRJ012,14.05.2025,1.0,internal
TS01584,EMP003,PRJ028,20/11/2025,3.1,internal
TS01585,EMP006,PRJ013,23.04.2024,6.3,billable
TS01586,EMP016,PRJ007,02.12.2025,3.1,billable
TS01587,EMP007,PRJ026,2024-06-24,7.0,billable
TS01588,EMP016,PRJ027,02/10/2024,2.6,billable
TS01589,EMP024,PRJ023,18/11/2024,,billable
TS01590,EMP013,PRJ004,24/02/2025,3.5,internal
TS01591,EMP023,PRJ013,01/08/2024,5.6,billable
TS01592,EMP013,PRJ021,2025-07-25,4.9,billable
TS01593,EMP009,PRJ007,19/03/2024,2.7,billable
TS01594,EMP002,PRJ025,2025-12-05,7.7,billable
TS01595,EMP013,PRJ004,15.04.2024,1.4,billable
TS01596,EMP004,PRJ031,17.05.2024,7.2,billable
TS01597,EMP005,PRJ020,2025-08-12,2.4,billable
TS01598,EMP022,PRJ017,2025-07-24,4.7,billable
TS01599,EMP023,PRJ021,2025-01-06,7.3,billable
TS01600,EMP015,PRJ024,09/12/2024,2.4,internal
TS01601,EMP001,PRJ009,02/05/2024,5.5,billable
TS01602,EMP002,PRJ033,2025-01-17,1.1,billable
TS01603,EMP011,PRJ035,2025-05-20,3.0,billable
TS01604,EMP018,PRJ008,2025-06-30,2.1,billable
TS01605,EMP021,PRJ013,15/03/2024,6.4,billable
TS01606,EMP024,PRJ010,28.10.2025,3.3,billable
TS01607,EMP023,PRJ028,22.01.2024,3.8,billable
TS01608,EMP008,PRJ021,13.03.2025,2.1,internal
TS01609,EMP015,PRJ013,11.08.2025,7.5,internal
TS01610,EMP025,PRJ010,30.07.2024,3.2,billable
TS01611,EMP025,PRJ009,07/07/2025,3.4,billable
TS01612,EMP007,PRJ020,2024-06-18,4.0,billable
TS01613,EMP015,PRJ008,21.01.2025,1.2,internal
TS01614,EMP015,PRJ026,2024-07-22,2.4,billable
TS01615,EMP019,PRJ034,06/05/2024,2.1,billable
TS01616,EMP011,PRJ027,16.07.2024,2.5,billable
TS01617,EMP004,PRJ030,17/01/2024,1.1,internal
TS01618,EMP012,PRJ020,07/03/2024,4.0,internal
TS01619,EMP021,PRJ025,29.04.2025,1.1,internal
TS01620,EMP005,PRJ016,2024-07-02,5.0,billable
TS01621,EMP002,PRJ004,02.09.2025,6.6,internal
TS01622,EMP006,PRJ027,2024-06-25,2.2,billable
TS01623,EMP006,PRJ024,2024-04-22,6.5,billable
TS01624,EMP009,PRJ021,30/01/2024,6.5,billable
TS01625,EMP014,PRJ003,08.07.2025,3.6,billable
TS01626,EMP012,PRJ015,04/04/2024,3.9,billable
TS01627,EMP018,PRJ029,2024-05-17,7.0,internal
TS01628,EMP009,PRJ009,26.11.2024,5.6,billable
TS01629,EMP016,PRJ013,2024-05-08,2.5,billable
TS01630,EMP004,PRJ026,2024-10-16,7.2,billable
TS01631,EMP010,PRJ022,30.12.2025,7.8,billable
TS01632,EMP009,PRJ009,03.12.2024,4.0,billable
TS01633,EMP024,PRJ025,2025-10-09,1.3,
TS01634,EMP008,PRJ011,10/02/2025,3.3,billable
TS01635,EMP019,PRJ026,07/04/2025,7.9,billable
TS01636,EMP009,PRJ033,11/12/2024,3.4,internal
TS01637,EMP025,PRJ030,10.11.2025,1.7,internal
TS01638,EMP014,PRJ002,10/07/2025,1.9,billable
TS01639,EMP023,PRJ019,09/05/2024,7.1,billable
TS01640,EMP017,PRJ012,11.02.2025,6.7,internal
TS01641,EMP008,PRJ002,22.07.2024,6.1,billable
TS01642,EMP017,PRJ034,2024-02-20,6.6,billable
TS01643,EMP006,PRJ024,11.06.2024,1.7,billable
TS01644,EMP025,PRJ010,2025-07-07,7.6,billable
TS01645,EMP013,PRJ019,03/02/2025,7.3,internal
TS01646,EMP010,PRJ001,19/03/2024,2.8,billable
TS01647,EMP020,PRJ005,01/03/2024,6.3,billable
TS01648,EMP008,PRJ026,2024-06-12,5.5,billable
TS01649,EMP008,PRJ018,23.05.2024,7.2,billable
TS01650,EMP007,PRJ029,2024-05-27,5.7,internal
TS01651,EMP017,PRJ007,07/10/2025,5.2,billable
TS01652,EMP024,PRJ030,06.06.2024,1.5,internal
TS01653,EMP002,PRJ025,18.09.2024,1.8,billable
TS01654,EMP016,PRJ019,20.08.2024,4.7,billable
TS01655,EMP012,PRJ016,11/11/2025,4.5,billable
TS01656,EMP025,PRJ018,09/10/2024,7.3,billable
TS01657,EMP012,PRJ006,2024-01-16,1.7,internal
TS01658,EMP014,PRJ018,16/04/2024,8.0,internal
TS01659,EMP013,PRJ034,14.11.2025,3.7,billable
TS01660,EMP004,PRJ007,30.04.2024,7.8,billable
TS01661,EMP014,PRJ026,12/02/2024,3.4,internal
TS01662,EMP013,PRJ028,2025-11-18,7.4,billable
TS01663,EMP004,PRJ019,26/02/2025,6.6,billable
TS01664,EMP012,PRJ016,10/10/2024,4.1,billable
TS01665,EMP025,PRJ011,02.08.2024,4.9,internal
TS01666,EMP012,PRJ012,26.05.2025,7.0,billable
TS01667,EMP008,PRJ021,11.11.2024,1.7,billable
TS01668,EMP021,PRJ012,28/01/2025,2.4,internal
TS01669,EMP012,PRJ011,21.06.2024,3.3,billable
TS01670,EMP021,PRJ019,29.07.2025,4.8,billable
TS01671,EMP023,PRJ026,26/09/2024,2.0,billable
TS01672,EMP004,PRJ019,2025-09-22,5.0,billable
TS01673,EMP018,PRJ010,2025-11-14,7.9,billable
TS01674,EMP008,PRJ015,2025-03-26,5.5,billable
TS01675,EMP020,PRJ031,25.03.2025,3.9,billable
TS01676,EMP017,PRJ026,06/10/2025,5.0,internal
TS01677,EMP012,PRJ017,2025-03-17,3.6,internal
TS01678,EMP023,PRJ009,2024-11-25,7.0,internal
TS01679,EMP004,PRJ033,26.12.2025,4.3,billable
TS01680,EMP023,PRJ015,21/04/2025,2.9,internal
TS01681,EMP014,PRJ005,24.06.2024,1.2,billable
TS01682,EMP023,PRJ010,06.03.2024,5.8,billable
TS01683,EMP024,PRJ002,2025-12-31,5.2,billable
TS01684,EMP015,PRJ020,2025-07-07,5.9,billable
TS01685,EMP014,PRJ010,2025-07-08,7.9,billable
TS01686,EMP025,PRJ023,26.08.2025,1.8,internal
TS01687,EMP006,PRJ013,2024-09-11,7.9,internal
TS01688,EMP016,PRJ008,05.12.2024,1.6,internal
TS01689,EMP014,PRJ025,2025-12-16,4.3,internal
TS01690,EMP023,PRJ028,17/09/2024,4.5,billable
TS01691,EMP021,PRJ006,13/12/2024,4.2,billable
TS01692,EMP018,PRJ004,02.12.2025,3.6,
TS01693,EMP010,PRJ002,2025-08-04,4.9,internal
TS01694,EMP006,PRJ035,13.08.2024,7.8,billable
TS01695,EMP019,PRJ012,2025-03-27,5.9,internal
TS01696,EMP015,PRJ002,2025-09-29,1.3,billable
TS01697,EMP010,PRJ007,2024-12-23,5.8,billable
TS01698,EMP020,PRJ010,19.09.2025,7.4,internal
TS01699,EMP015,PRJ008,17/11/2025,4.9,billable
TS01700,EMP016,PRJ013,17/02/2025,1.3,billable
TS01701,EMP023,PRJ007,16.06.2025,1.6,billable
TS01702,EMP017,PRJ026,2025-07-15,5.5,billable
TS01703,EMP021,PRJ028,2025-02-17,4.0,billable
TS01704,EMP016,PRJ025,11/11/2024,4.5,internal
TS01705,EMP017,PRJ003,11.07.2024,7.6,billable
TS01706,EMP006,PRJ021,19/02/2024,4.7,billable
TS01707,EMP018,PRJ004,01.12.2025,7.1,billable
TS01708,EMP022,PRJ003,2024-08-07,1.7,internal
TS01709,EMP007,PRJ032,2024-07-30,5.0,billable
TS01710,EMP023,PRJ008,24/10/2024,1.0,billable
TS01711,EMP008,PRJ024,2025-02-17,1.3,billable
TS01712,EMP014,PRJ020,30/07/2024,7.6,billable
TS01713,EMP014,PRJ025,11/10/2024,6.9,billable
TS01714,EMP023,PRJ026,12.02.2024,5.9,billable
TS01715,EMP004,PRJ008,2024-06-11,7.3,billable
TS01716,EMP024,PRJ017,28/11/2025,6.0,billable
TS01717,EMP019,PRJ017,2024-04-23,6.3,billable
TS01718,EMP016,PRJ013,10/05/2024,4.6,billable
TS01719,EMP013,PRJ012,2024-03-26,6.3,internal
TS01720,EMP024,PRJ010,28.03.2025,5.2,billable
TS01721,EMP007,PRJ021,14/02/2024,5.0,internal
TS01722,EMP006,PRJ023,18/04/2025,2.4,billable
TS01723,EMP017,PRJ005,20.08.2024,2.3,billable
TS01724,EMP015,PRJ005,2024-09-10,5.2,billable
TS01725,EMP002,PRJ008,2025-12-02,1.5,billable
TS01726,EMP011,PRJ024,2024-02-09,,
TS01727,EMP002,PRJ025,05.08.2025,1.8,billable
TS01728,EMP001,PRJ031,08.08.2025,5.5,billable
TS01729,EMP008,PRJ032,19.09.2025,2.8,internal
TS01730,EMP005,PRJ030,03/07/2025,7.2,billable
TS01731,EMP013,PRJ017,13/06/2024,3.6,billable
TS01732,EMP023,PRJ035,20.08.2024,7.9,billable
TS01733,EMP014,PRJ027,16/04/2025,6.1,billable
TS01734,EMP022,PRJ026,2024-05-16,6.1,billable
TS01735,EMP024,PRJ024,21/04/2025,4.8,internal
TS01736,EMP013,PRJ010,28/04/2025,1.8,billable
TS01737,EMP020,PRJ027,2024-02-22,2.4,billable
TS01738,EMP014,PRJ012,31.03.2025,1.2,billable
TS01739,EMP024,PRJ010,2025-10-20,3.8,internal
TS01740,EMP008,PRJ009,13.05.2025,3.2,internal
TS01741,EMP002,PRJ007,2024-03-07,1.6,billable
TS01742,EMP012,PRJ013,2024-06-03,7.7,billable
TS01743,EMP019,PRJ029,01/05/2025,3.4,billable
TS01744,EMP005,PRJ011,03/03/2025,1.8,internal
TS01745,EMP016,PRJ018,2025-12-09,6.9,billable
TS01746,EMP015,PRJ007,12/02/2024,1.9,billable
TS01747,EMP019,PRJ024,2025-03-27,5.1,billable
TS01748,EMP019,PRJ023,2024-12-13,7.9,internal
TS01749,EMP022,PRJ026,04.06.2024,1.8,internal
TS01750,EMP010,PRJ006,2024-12-31,5.2,internal
TS01751,EMP006,PRJ024,17.09.2024,2.3,billable
TS01752,EMP011,PRJ011,23/02/2024,5.5,billable
TS01753,EMP002,PRJ018,03.11.2025,4.2,billable
TS01754,EMP020,PRJ001,12/08/2025,1.1,billable
TS01755,EMP022,PRJ018,16.12.2025,3.6,billable
TS01756,EMP014,PRJ022,15.05.2024,7.6,billable
TS01757,EMP003,PRJ029,18/11/2025,1.6,billable
TS01758,EMP001,PRJ009,2024-04-19,2.7,billable
TS01759,EMP025,PRJ006,18/03/2024,1.1,billable
TS01760,EMP005,PRJ030,2025-10-08,7.1,internal
TS01761,EMP005,PRJ013,2024-03-26,2.3,
TS01762,EMP008,PRJ014,21.02.2024,6.0,billable
TS01763,EMP007,PRJ032,11.09.2025,5.9,billable
TS01764,EMP002,PRJ029,2024-07-08,4.6,billable
TS01765,EMP019,PRJ013,2025-12-17,1.9,internal
TS01766,EMP008,PRJ011,10.02.2025,5.4,billable
TS01767,EMP007,PRJ028,13.09.2024,6.8,
TS01768,EMP022,PRJ017,2024-10-15,6.3,billable
TS01769,EMP002,PRJ028,22/03/2024,5.7,
TS01770,EMP003,PRJ021,25.08.2025,6.4,internal
TS01771,EMP003,PRJ017,22/11/2024,4.2,billable
TS01772,EMP016,PRJ021,15.07.2025,8.0,billable
TS01773,EMP014,PRJ030,17/04/2025,3.3,internal
TS01774,EMP015,PRJ010,2024-05-27,6.2,billable
TS01775,EMP013,PRJ010,13.02.2025,3.6,billable
TS01776,EMP006,PRJ014,09/04/2024,1.1,billable
TS01777,EMP013,PRJ011,06/11/2024,6.8,internal
TS01778,EMP024,PRJ032,19/03/2025,4.0,internal
TS01779,EMP004,PRJ005,2024-11-27,5.9,billable
TS01780,EMP007,PRJ027,2025-05-19,1.1,billable
TS01781,EMP020,PRJ028,18/09/2025,1.9,billable
TS01782,EMP023,PRJ009,2025-01-13,5.0,billable
TS01783,EMP007,PRJ021,05/12/2025,2.6,internal
TS01784,EMP016,PRJ018,22.07.2025,3.4,internal
TS01785,EMP011,PRJ015,2025-12-26,5.1,billable
TS01786,EMP001,PRJ021,2025-06-09,7.2,billable
TS01787,EMP016,PRJ030,09.09.2025,7.3,internal
TS01788,EMP025,PRJ013,2024-10-09,6.0,billable
TS01789,EMP001,PRJ021,2024-12-30,6.8,billable
TS01790,EMP016,PRJ021,11.09.2025,7.2,billable
TS01791,EMP020,PRJ008,2024-10-29,6.1,billable
TS01792,EMP008,PRJ025,11/03/2025,5.9,internal
TS01793,EMP001,PRJ002,29/10/2025,5.5,billable
TS01794,EMP005,PRJ029,02/10/2025,3.7,billable
TS01795,EMP009,PRJ030,09/10/2024,2.4,billable
TS01796,EMP001,PRJ008,23/02/2024,7.1,billable
TS01797,EMP013,PRJ002,2025-10-07,4.0,billable
TS01798,EMP002,PRJ019,27.11.2024,5.0,billable
TS01799,EMP005,PRJ032,2024-03-06,7.5,billable
TS01800,EMP008,PRJ006,03/01/2025,7.8,billable
TS01801,EMP013,PRJ035,04/03/2024,4.7,billable
TS01802,EMP003,PRJ014,04/04/2025,2.1,internal
TS01803,EMP022,PRJ002,23/02/2024,5.5,billable
TS01804,EMP008,PRJ010,20.05.2024,4.5,billable
TS01805,EMP025,PRJ019,19/05/2025,1.2,billable
TS01806,EMP019,PRJ003,01/08/2024,2.6,billable
TS01807,EMP012,PRJ033,2024-06-17,3.8,billable
TS01808,EMP010,PRJ018,2025-07-23,3.6,billable
TS01809,EMP007,PRJ021,23/09/2024,3.7,billable
TS01810,EMP021,PRJ033,19/02/2025,2.4,billable
TS01811,EMP007,PRJ013,06.08.2025,6.1,billable
TS01812,EMP010,PRJ024,21.04.2025,1.4,billable
TS01813,EMP007,PRJ033,2024-01-25,3.2,billable
TS01814,EMP024,PRJ025,2024-12-03,4.2,billable
TS01815,EMP020,PRJ019,14.11.2025,,billable
TS01816,EMP001,PRJ004,12/01/2024,7.6,internal
TS01817,EMP006,PRJ007,26/02/2024,3.6,billable
TS01818,EMP009,PRJ027,2025-10-31,1.2,internal
TS01819,EMP007,PRJ008,2025-10-13,6.2,billable
TS01820,EMP006,PRJ001,25.04.2024,1.6,billable
TS01821,EMP001,PRJ031,2024-03-05,6.1,billable
TS01822,EMP002,PRJ032,2025-03-18,6.8,billable
TS01823,EMP003,PRJ018,29/12/2025,3.0,billable
TS01824,EMP007,PRJ016,09.12.2025,4.1,billable
TS01825,EMP014,PRJ032,27/08/2024,6.0,billable
TS01826,EMP015,PRJ031,11/07/2025,2.1,billable
TS01827,EMP011,PRJ023,20/02/2025,2.2,billable
TS01828,EMP005,PRJ032,24/11/2025,4.8,billable
TS01829,EMP005,PRJ022,02.01.2025,5.5,billable
TS01830,EMP002,PRJ022,2025-06-02,7.4,internal
TS01831,EMP024,PRJ011,2025-08-12,2.0,internal
TS01832,EMP014,PRJ008,28.05.2025,4.8,
TS01833,EMP022,PRJ011,20/08/2024,5.8,internal
TS01834,EMP012,PRJ026,19.06.2025,5.6,billable
TS01835,EMP025,PRJ007,19.08.2024,5.5,billable
TS01836,EMP001,PRJ033,22.04.2024,4.5,internal
TS01837,EMP013,PRJ020,2024-08-02,4.8,billable
TS01838,EMP004,PRJ014,2024-07-09,6.8,billable
TS01839,EMP014,PRJ023,10/11/2025,3.8,billable
TS01840,EMP010,PRJ028,26.09.2025,5.1,billable
TS01841,EMP002,PRJ032,25/11/2024,3.5,billable
TS01842,EMP018,PRJ007,10/03/2025,5.8,billable
TS01843,EMP001,PRJ025,2024-02-09,7.7,internal
TS01844,EMP003,PRJ016,08.10.2025,7.5,billable
TS01845,EMP016,PRJ003,26/11/2024,3.2,internal
TS01846,EMP001,PRJ009,01.09.2025,7.0,internal
TS01847,EMP015,PRJ018,16.12.2025,5.0,internal
TS01848,EMP019,PRJ008,15/12/2025,4.6,billable
TS01849,EMP010,PRJ022,2025-03-12,1.8,billable
TS01850,EMP001,PRJ025,2025-10-31,7.3,internal
TS01851,EMP022,PRJ032,2024-08-22,6.0,internal
TS01852,EMP024,PRJ002,24/03/2025,4.5,internal
TS01853,EMP023,PRJ024,2025-10-14,4.8,billable
TS01854,EMP014,PRJ005,07.03.2024,1.6,internal
TS01855,EMP008,PRJ009,2024-05-03,1.2,billable
TS01856,EMP018,PRJ024,24.07.2025,2.8,billable
TS01857,EMP018,PRJ003,27.08.2024,2.4,billable
TS01858,EMP002,PRJ033,15.01.2024,1.8,billable
TS01859,EMP005,PRJ021,2024-09-06,7.0,internal
TS01860,EMP007,PRJ007,25.06.2024,3.7,billable
TS01861,EMP022,PRJ009,06/06/2025,2.0,internal
TS01862,EMP019,PRJ011,09.09.2024,5.4,billable
TS01863,EMP009,PRJ027,04/03/2024,6.3,billable
TS01864,EMP022,PRJ024,2025-02-04,4.1,internal
TS01865,EMP020,PRJ033,2025-02-20,5.5,internal
TS01866,EMP016,PRJ005,19.03.2025,5.2,billable
TS01867,EMP005,PRJ003,13.01.2025,2.9,billable
TS01868,EMP010,PRJ035,11/09/2025,3.3,billable
TS01869,EMP023,PRJ009,25/04/2025,3.4,billable
TS01870,EMP003,PRJ017,06/10/2025,2.9,billable
TS01871,EMP011,PRJ016,2025-08-04,2.3,internal
TS01872,EMP014,PRJ018,2024-09-27,5.2,billable
TS01873,EMP005,PRJ019,15.07.2024,5.8,billable
TS01874,EMP015,PRJ034,26/06/2024,1.8,billable
TS01875,EMP021,PRJ022,08/07/2024,7.2,internal
TS01876,EMP009,PRJ030,2025-07-04,3.4,billable
TS01877,EMP018,PRJ026,04/01/2024,1.5,internal
TS01878,EMP018,PRJ018,2025-06-09,5.0,billable
TS01879,EMP016,PRJ007,2025-05-02,4.1,billable
TS01880,EMP002,PRJ003,12/03/2024,2.9,billable
TS01881,EMP024,PRJ028,2024-07-30,1.3,
TS01882,EMP020,PRJ018,18.10.2024,4.0,billable
TS01883,EMP018,PRJ023,30/08/2024,2.1,billable
TS01884,EMP013,PRJ014,2025-07-08,5.3,internal
TS01885,EMP009,PRJ032,2024-05-07,1.7,internal
TS01886,EMP006,PRJ015,15/10/2024,1.8,billable
TS01887,EMP013,PRJ029,06/08/2024,2.6,internal
TS01888,EMP024,PRJ025,23/09/2025,6.3,billable
TS01889,EMP014,PRJ034,16.12.2024,3.3,billable
TS01890,EMP007,PRJ024,27.05.2024,5.9,billable
TS01891,EMP013,PRJ014,2024-08-13,3.2,billable
TS01892,EMP013,PRJ031,25.01.2024,5.8,billable
TS01893,EMP001,PRJ025,08/08/2025,3.4,billable
TS01894,EMP014,PRJ006,25/03/2025,2.8,billable
TS01895,EMP006,PRJ011,12.08.2024,7.0,billable
TS01896,EMP002,PRJ025,08.01.2025,1.3,billable
TS01897,EMP023,PRJ004,13/09/2024,1.6,internal
TS01898,EMP014,PRJ018,09.07.2024,2.6,billable
TS01899,EMP020,PRJ004,11.08.2025,5.6,internal
TS01900,EMP014,PRJ011,29.08.2024,1.1,internal
TS01901,EMP004,PRJ018,02.07.2024,4.7,internal
TS01902,EMP005,PRJ035,2024-07-10,2.7,billable
TS01903,EMP001,PRJ033,2025-06-02,7.3,billable
TS01904,EMP005,PRJ016,15/09/2025,6.8,billable
TS01905,EMP023,PRJ008,2025-12-31,2.7,billable
TS01906,EMP001,PRJ019,16/04/2025,4.7,billable
TS01907,EMP017,PRJ030,24.10.2025,7.6,billable
TS01908,EMP013,PRJ017,20/06/2025,7.6,billable
TS01909,EMP003,PRJ024,01/11/2024,1.8,internal
TS01910,EMP011,PRJ032,22.07.2024,6.3,billable
TS01911,EMP019,PRJ009,2025-10-28,6.6,
TS01912,EMP015,PRJ017,13/05/2025,3.8,billable
TS01913,EMP014,PRJ004,2024-09-10,7.6,internal
TS01914,EMP015,PRJ025,31/10/2025,7.1,billable
TS01915,EMP016,PRJ003,05/05/2025,1.5,billable
TS01916,EMP004,PRJ010,29.12.2025,4.9,billable
TS01917,EMP001,PRJ029,17/02/2025,3.3,billable
TS01918,EMP002,PRJ034,22/08/2025,1.9,billable
TS01919,EMP022,PRJ033,11/03/2024,8.0,billable
TS01920,EMP024,PRJ018,2024-05-27,2.0,internal
TS01921,EMP008,PRJ003,2024-02-15,3.1,internal
TS01922,EMP005,PRJ028,2025-07-14,5.0,
TS01923,EMP002,PRJ017,2025-05-09,6.5,billable
TS01924,EMP003,PRJ030,16/12/2024,5.3,internal
TS01925,EMP018,PRJ022,08.10.2025,5.7,billable
TS01926,EMP017,PRJ018,2025-09-02,6.4,billable
TS01927,EMP017,PRJ020,2025-05-27,7.8,internal
TS01928,EMP009,PRJ007,2024-05-31,4.9,internal
TS01929,EMP005,PRJ007,15.12.2025,4.8,billable
TS01930,EMP010,PRJ006,05.09.2024,2.1,billable
TS01931,EMP002,PRJ028,19/02/2025,6.7,billable
TS01932,EMP012,PRJ008,11/11/2024,2.6,internal
TS01933,EMP007,PRJ026,18.03.2025,6.9,billable
TS01934,EMP020,PRJ021,2025-09-01,3.6,billable
TS01935,EMP005,PRJ035,14.03.2025,4.4,billable
TS01936,EMP001,PRJ031,02/07/2024,1.2,billable
TS01937,EMP023,PRJ023,13/11/2025,5.0,billable
TS01938,EMP019,PRJ006,2024-02-12,5.3,internal
TS01939,EMP016,PRJ007,30.09.2024,5.2,billable
TS01940,EMP005,PRJ005,18.04.2025,5.2,billable
TS01941,EMP016,PRJ015,08/12/2025,3.0,billable
TS01942,EMP015,PRJ023,05/06/2025,3.1,billable
TS01943,EMP010,PRJ021,2024-08-05,2.7,billable
TS01944,EMP004,PRJ010,22.04.2024,8.0,billable
TS01945,EMP023,PRJ021,18/08/2025,2.7,billable
TS01946,EMP022,PRJ020,2025-12-29,2.5,billable
TS01947,EMP012,PRJ005,20/02/2024,1.2,internal
TS01948,EMP015,PRJ026,29/12/2025,7.0,billable
TS01949,EMP022,PRJ021,2025-08-05,7.1,billable
TS01950,EMP016,PRJ022,31.05.2024,1.3,billable
TS01951,EMP007,PRJ012,03/03/2025,1.3,billable
TS01952,EMP012,PRJ022,03.01.2024,1.7,internal
TS01953,EMP022,PRJ033,07.10.2024,4.7,internal
TS01954,EMP014,PRJ003,10/04/2025,7.7,billable
TS01955,EMP002,PRJ019,2024-12-06,1.1,billable
TS01956,EMP015,PRJ015,18/11/2024,6.8,billable
TS01957,EMP002,PRJ015,17/11/2025,7.3,
TS01958,EMP008,PRJ029,2024-09-03,3.8,billable
TS01959,EMP018,PRJ027,17.01.2024,4.5,internal
TS01960,EMP022,PRJ004,23.05.2025,7.9,billable
TS01961,EMP008,PRJ025,28.07.2025,6.1,billable
TS01962,EMP003,PRJ022,2025-10-24,2.7,billable
TS01963,EMP009,PRJ011,2025-11-04,3.0,billable
TS01964,EMP006,PRJ024,09.04.2024,6.4,billable
TS01965,EMP003,PRJ010,2024-05-06,7.0,billable
TS01966,EMP025,PRJ018,2024-07-02,1.8,billable
TS01967,EMP018,PRJ030,09/06/2025,1.9,billable
TS01968,EMP003,PRJ023,01/07/2024,3.7,billable
TS01969,EMP020,PRJ006,05.03.2024,2.1,billable
TS01970,EMP016,PRJ023,31/01/2024,3.4,billable
TS01971,EMP013,PRJ014,20.06.2024,2.3,billable
TS01972,EMP024,PRJ015,03.11.2025,7.5,internal
TS01973,EMP021,PRJ024,2024-07-22,7.3,
TS01974,EMP022,PRJ024,2025-10-28,3.4,billable
TS01975,EMP003,PRJ009,2024-04-08,5.2,billable
TS01976,EMP018,PRJ022,02.05.2024,5.4,billable
TS01977,EMP014,PRJ019,09/02/2024,7.0,billable
TS01978,EMP023,PRJ017,23/01/2025,8.0,billable
TS01979,EMP012,PRJ005,2025-05-27,3.2,billable
TS01980,EMP006,PRJ006,2024-05-20,7.5,billable
TS01981,EMP009,PRJ022,2024-11-21,7.2,billable
TS01982,EMP002,PRJ018,14.11.2024,6.9,billable
TS01983,EMP023,PRJ035,2024-10-31,7.3,billable
TS01984,EMP002,PRJ020,06.03.2025,1.7,billable
TS01985,EMP019,PRJ001,19/04/2024,7.2,billable
TS01986,EMP006,PRJ016,26.03.2024,3.3,billable
TS01987,EMP001,PRJ031,13.08.2024,6.1,billable
TS01988,EMP017,PRJ016,21/02/2025,1.0,billable
TS01989,EMP007,PRJ032,14.07.2025,2.7,billable
TS01990,EMP017,PRJ019,18/12/2024,2.0,internal
TS01991,EMP008,PRJ008,24/12/2025,3.9,
TS01992,EMP019,PRJ013,16.09.2024,5.8,billable
TS01993,EMP008,PRJ009,29.12.2025,1.3,internal
TS01994,EMP013,PRJ009,2024-08-13,2.9,billable
TS01995,EMP023,PRJ001,2025-02-27,1.7,billable
TS01996,EMP004,PRJ024,28.11.2024,7.8,billable
TS01997,EMP007,PRJ010,30.07.2024,3.7,billable
TS01998,EMP016,PRJ032,07/10/2024,4.1,billable
TS01999,EMP002,PRJ030,20/06/2025,3.0,billable
TS02000,EMP014,PRJ001,29.04.2025,6.5,billable
TS02001,EMP008,PRJ029,24/07/2024,5.8,billable
TS02002,EMP016,PRJ015,2025-03-24,7.3,billable
TS02003,EMP018,PRJ033,21.10.2025,7.5,billable
TS02004,EMP004,PRJ018,05/11/2025,4.6,billable
TS02005,EMP004,PRJ016,16.10.2024,2.8,billable
TS02006,EMP019,PRJ034,2024-07-08,5.4,internal
TS02007,EMP025,PRJ027,2025-08-04,3.4,billable
TS02008,EMP025,PRJ028,2024-09-16,5.9,billable
TS02009,EMP020,PRJ023,2024-04-08,3.7,billable
TS02010,EMP012,PRJ031,03/09/2024,4.7,billable
TS02011,EMP003,PRJ007,2025-08-01,7.3,billable
TS02012,EMP024,PRJ005,15/04/2024,5.8,internal
TS02013,EMP007,PRJ014,14.01.2025,1.7,billable
TS02014,EMP021,PRJ029,02.08.2024,1.7,internal
TS02015,EMP020,PRJ035,06/10/2025,7.6,billable
TS02016,EMP022,PRJ001,16/05/2025,6.7,billable
TS02017,EMP017,PRJ015,12/08/2025,2.9,billable
TS02018,EMP018,PRJ011,30.01.2024,6.2,internal
TS02019,EMP006,PRJ011,2024-08-27,6.2,billable
TS02020,EMP010,PRJ030,2024-03-05,5.6,billable
TS02021,EMP024,PRJ014,10/01/2025,5.4,internal
TS02022,EMP023,PRJ005,11/06/2024,4.3,billable
TS02023,EMP014,PRJ007,2024-03-27,6.4,billable
TS02024,EMP023,PRJ011,01.10.2024,6.0,billable
TS02025,EMP019,PRJ022,08.04.2025,2.1,internal
TS02026,EMP015,PRJ028,25/06/2024,5.3,internal
TS02027,EMP024,PRJ002,19.07.2024,3.8,billable
TS02028,EMP019,PRJ008,12.12.2025,1.9,billable
TS02029,EMP004,PRJ031,10.02.2025,7.4,billable
TS02030,EMP006,PRJ035,2024-08-27,6.6,billable
TS02031,EMP003,PRJ016,07.07.2025,4.9,billable
TS02032,EMP018,PRJ009,2024-07-01,1.3,billable
TS02033,EMP023,PRJ006,16/06/2025,2.0,billable
TS02034,EMP024,PRJ021,16/04/2025,2.2,billable
TS02035,EMP025,PRJ002,11.11.2025,5.8,internal
TS02036,EMP025,PRJ006,2024-03-25,5.8,billable
TS02037,EMP021,PRJ024,28.02.2024,6.5,billable
TS02038,EMP012,PRJ021,23.01.2025,5.7,internal
TS02039,EMP009,PRJ011,28.03.2024,4.8,billable
TS02040,EMP016,PRJ034,19/03/2024,2.1,internal
TS02041,EMP011,PRJ025,2025-04-25,1.3,billable
TS02042,EMP022,PRJ017,2024-09-10,3.6,billable
TS02043,EMP017,PRJ010,18/02/2025,3.6,billable
TS02044,EMP008,PRJ021,2025-01-13,5.6,billable
TS02045,EMP002,PRJ003,2025-10-02,4.3,billable
TS02046,EMP018,PRJ030,24.09.2025,3.5,internal
TS02047,EMP017,PRJ012,2024-05-08,1.5,billable
TS02048,EMP009,PRJ034,07.05.2024,7.2,
TS02049,EMP009,PRJ012,2025-07-14,7.6,billable
TS02050,EMP025,PRJ013,2025-06-25,5.5,billable
TS02051,EMP023,PRJ026,25.09.2025,5.7,billable
TS02052,EMP024,PRJ020,21/02/2025,3.1,billable
TS02053,EMP024,PRJ034,17/03/2025,2.5,billable
TS02054,EMP013,PRJ019,08/10/2025,3.7,billable
TS02055,EMP002,PRJ012,18/02/2025,6.5,billable
TS02056,EMP010,PRJ013,24/01/2024,5.7,billable
TS02057,EMP010,PRJ033,2025-08-12,7.7,billable
TS02058,EMP012,PRJ016,23/07/2025,5.9,billable
TS02059,EMP015,PRJ004,20.11.2025,5.8,billable
TS02060,EMP010,PRJ016,30/07/2024,7.4,billable
TS02061,EMP019,PRJ021,2025-12-26,1.9,billable
TS02062,EMP023,PRJ030,2025-06-24,4.3,internal
TS02063,EMP007,PRJ016,01/09/2025,1.6,billable
TS02064,EMP011,PRJ015,12.02.2024,7.2,internal
TS02065,EMP025,PRJ033,23/05/2025,6.3,billable
TS02066,EMP014,PRJ034,2024-01-09,1.1,billable
TS02067,EMP004,PRJ022,28.02.2025,1.8,billable
TS02068,EMP023,PRJ025,09/12/2024,4.3,billable
TS02069,EMP020,PRJ008,03.03.2025,7.4,internal
TS02070,EMP012,PRJ009,2024-02-29,1.5,billable
TS02071,EMP019,PRJ019,23/04/2024,4.8,billable
TS02072,EMP001,PRJ009,2025-02-21,2.4,internal
TS02073,EMP017,PRJ010,18/03/2024,2.7,billable
TS02074,EMP002,PRJ019,13.05.2024,4.6,billable
TS02075,EMP001,PRJ022,02/09/2024,4.4,billable
TS02076,EMP017,PRJ007,2024-04-29,6.2,billable
TS02077,EMP002,PRJ034,29.07.2024,3.5,billable
TS02078,EMP001,PRJ025,06.06.2024,5.8,billable
TS02079,EMP025,PRJ014,17/09/2024,7.3,billable
TS02080,EMP019,PRJ007,12.05.2025,5.4,billable
TS02081,EMP007,PRJ034,2024-09-27,3.0,internal
TS02082,EMP001,PRJ034,2025-04-03,6.5,billable
TS02083,EMP018,PRJ034,21.05.2024,3.9,billable
TS02084,EMP002,PRJ007,2025-11-14,3.6,billable
TS02085,EMP012,PRJ005,2024-10-23,3.0,billable
TS02086,EMP009,PRJ011,18.02.2025,6.3,billable
TS02087,EMP020,PRJ025,03.11.2025,3.1,billable
TS02088,EMP022,PRJ030,01.04.2024,7.2,billable
TS02089,EMP021,PRJ016,2024-05-30,3.3,billable
TS02090,EMP019,PRJ013,2024-06-28,7.2,billable
TS02091,EMP014,PRJ026,31/07/2025,4.9,internal
TS02092,EMP018,PRJ031,07/06/2024,3.8,billable
TS02093,EMP015,PRJ012,09.08.2024,3.2,internal
TS02094,EMP011,PRJ024,2025-10-27,2.7,internal
TS02095,EMP001,PRJ019,04.01.2024,7.3,internal
TS02096,EMP023,PRJ028,2024-12-17,1.2,internal
TS02097,EMP018,PRJ010,20.03.2025,5.6,billable
TS02098,EMP014,PRJ005,09/08/2024,1.1,billable
TS02099,EMP005,PRJ013,2025-06-25,3.2,billable
TS02100,EMP009,PRJ026,08/07/2025,2.0,billable
TS02101,EMP002,PRJ002,2024-06-17,4.3,billable
TS02102,EMP020,PRJ026,04/02/2025,1.4,billable
TS02103,EMP022,PRJ013,2025-09-18,3.3,internal
TS02104,EMP017,PRJ004,18.09.2025,5.5,billable
TS02105,EMP011,PRJ004,09.04.2025,3.9,billable
TS02106,EMP015,PRJ027,2025-10-06,2.0,billable
TS02107,EMP016,PRJ029,2025-03-31,5.2,billable
TS02108,EMP005,PRJ026,25/02/2025,5.7,
TS02109,EMP024,PRJ032,2025-10-02,6.8,internal
TS02110,EMP020,PRJ005,26.09.2024,1.2,internal
TS02111,EMP007,PRJ013,2024-07-26,4.2,billable
TS02112,EMP023,PRJ011,2024-07-26,3.4,internal
TS02113,EMP015,PRJ001,2024-07-30,6.9,internal
TS02114,EMP006,PRJ001,2025-01-23,1.8,internal
TS02115,EMP011,PRJ009,23/04/2025,4.5,billable
TS02116,EMP015,PRJ005,14.11.2025,4.8,billable
TS02117,EMP019,PRJ021,20.02.2024,2.0,billable
TS02118,EMP014,PRJ018,2024-10-18,8.0,billable
TS02119,EMP013,PRJ031,01/07/2025,1.8,billable
TS02120,EMP017,PRJ011,10.07.2024,1.5,internal
TS02121,EMP019,PRJ035,05.07.2024,1.7,billable
TS02122,EMP019,PRJ035,16.12.2024,6.1,billable
TS02123,EMP025,PRJ028,2024-08-27,7.1,billable
TS02124,EMP022,PRJ021,24/02/2025,1.2,billable
TS02125,EMP023,PRJ035,2025-10-13,4.0,billable
TS02126,EMP013,PRJ032,2024-08-29,7.3,billable
TS02127,EMP025,PRJ001,2025-01-20,4.8,billable
TS02128,EMP011,PRJ011,29.03.2024,7.9,billable
TS02129,EMP018,PRJ029,2024-04-17,5.8,billable
TS02130,EMP025,PRJ012,15.03.2024,7.9,billable
TS02131,EMP020,PRJ003,24/07/2025,5.1,internal
TS02132,EMP018,PRJ019,2025-07-15,7.1,internal
TS02133,EMP011,PRJ003,11.09.2025,5.8,billable
TS02134,EMP023,PRJ017,03/06/2025,7.8,billable
TS02135,EMP024,PRJ033,22/07/2025,5.4,billable
TS02136,EMP017,PRJ030,06/02/2024,5.9,billable
TS02137,EMP018,PRJ026,03.04.2025,3.7,billable
TS02138,EMP015,PRJ018,2025-01-24,6.5,internal
TS02139,EMP015,PRJ032,2025-09-17,4.7,billable
TS02140,EMP014,PRJ033,2025-05-26,6.0,billable
TS02141,EMP016,PRJ003,2025-10-20,4.7,billable
TS02142,EMP021,PRJ016,2025-01-14,1.4,billable
TS02143,EMP025,PRJ025,27/01/2025,6.1,billable
TS02144,EMP004,PRJ011,15.10.2024,7.3,billable
TS02145,EMP009,PRJ012,2025-06-20,3.8,billable
TS02146,EMP020,PRJ019,2024-07-09,5.5,billable
TS02147,EMP009,PRJ026,15.08.2024,7.1,billable
TS02148,EMP006,PRJ017,2024-03-22,5.8,internal
TS02149,EMP016,PRJ012,2024-12-17,3.7,internal
TS02150,EMP023,PRJ015,17/12/2024,4.7,internal
TS02151,EMP017,PRJ007,2025-07-29,6.0,billable
TS02152,EMP009,PRJ025,28/07/2025,3.3,billable
TS02153,EMP009,PRJ015,2024-01-08,2.4,billable
TS02154,EMP019,PRJ005,2024-04-25,7.4,billable
TS02155,EMP023,PRJ022,2025-08-18,2.7,internal
TS02156,EMP010,PRJ006,29/11/2024,3.1,billable
TS02157,EMP006,PRJ024,26/09/2025,7.2,internal
TS02158,EMP004,PRJ016,2025-03-12,4.1,billable
TS02159,EMP005,PRJ007,2024-10-17,7.7,internal
TS02160,EMP013,PRJ034,06.05.2024,5.9,billable
TS02161,EMP005,PRJ031,09.01.2024,2.9,billable
TS02162,EMP012,PRJ026,17.06.2024,7.2,internal
TS02163,EMP014,PRJ027,29.02.2024,7.7,internal
TS02164,EMP015,PRJ035,2025-03-28,3.0,internal
TS02165,EMP011,PRJ018,08/07/2025,5.4,billable
TS02166,EMP011,PRJ019,01.07.2024,4.5,billable
TS02167,EMP023,PRJ028,2024-12-06,1.2,internal
TS02168,EMP010,PRJ024,2025-10-16,2.6,billable
TS02169,EMP021,PRJ008,2024-11-29,7.1,billable
TS02170,EMP017,PRJ014,2025-10-10,5.4,billable
TS02171,EMP010,PRJ034,23.06.2025,5.3,billable
TS02172,EMP016,PRJ015,11/03/2025,4.1,billable
TS02173,EMP014,PRJ010,09.01.2024,1.9,internal
TS02174,EMP010,PRJ014,2024-03-12,4.7,internal
TS02175,EMP004,PRJ009,15.07.2024,6.9,billable
TS02176,EMP001,PRJ020,2025-10-01,1.6,billable
TS02177,EMP014,PRJ017,16/05/2025,2.1,billable
TS02178,EMP025,PRJ031,17/02/2025,4.6,billable
TS02179,EMP012,PRJ031,22/04/2025,3.2,billable
TS02180,EMP005,PRJ025,07/06/2024,7.0,internal
TS02181,EMP025,PRJ030,28.01.2025,7.3,billable
TS02182,EMP006,PRJ029,03/05/2024,5.5,billable
TS02183,EMP023,PRJ014,2025-08-01,5.6,internal
TS02184,EMP019,PRJ014,25.02.2025,7.2,internal
TS02185,EMP019,PRJ005,2025-10-17,3.1,billable
TS02186,EMP021,PRJ024,22.12.2025,7.7,internal
TS02187,EMP010,PRJ018,03/03/2025,1.9,billable
TS02188,EMP008,PRJ011,06.02.2025,3.0,internal
TS02189,EMP019,PRJ032,17/09/2025,6.0,billable
TS02190,EMP019,PRJ029,2024-01-03,2.3,billable
TS02191,EMP022,PRJ030,2025-06-23,7.4,billable
TS02192,EMP011,PRJ009,18.08.2025,7.7,internal
TS02193,EMP022,PRJ007,17.05.2024,6.6,billable
TS02194,EMP006,PRJ003,15.02.2024,2.9,billable
TS02195,EMP015,PRJ034,30/05/2025,4.5,billable
TS02196,EMP024,PRJ024,14.11.2025,4.6,billable
TS02197,EMP025,PRJ003,2024-07-25,1.1,internal
TS02198,EMP019,PRJ021,2024-04-22,4.2,billable
TS02199,EMP019,PRJ006,2024-01-24,6.5,billable
TS02200,EMP019,PRJ023,10/11/2025,1.2,billable
TS02201,EMP017,PRJ013,2024-02-28,5.3,billable
TS02202,EMP003,PRJ014,2025-12-04,5.2,billable
TS02203,EMP005,PRJ010,30.04.2024,2.5,billable
TS02204,EMP014,PRJ030,07.11.2025,2.0,billable
TS02205,EMP013,PRJ026,2024-04-17,1.9,billable
TS02206,EMP005,PRJ022,10/11/2025,6.2,billable
TS02207,EMP020,PRJ014,07/02/2024,3.1,billable
TS02208,EMP022,PRJ012,11/04/2025,5.6,billable
TS02209,EMP025,PRJ019,01.07.2024,1.7,billable
TS02210,EMP005,PRJ022,2024-01-09,5.0,billable
TS02211,EMP005,PRJ002,28/08/2025,2.4,internal
TS02212,EMP003,PRJ001,07/08/2024,6.0,billable
TS02213,EMP016,PRJ002,2024-04-09,2.6,billable
TS02214,EMP012,PRJ021,2025-07-08,3.6,billable
TS02215,EMP003,PRJ010,2024-01-29,2.0,billable
TS02216,EMP006,PRJ031,2024-08-26,4.9,billable
TS02217,EMP024,PRJ006,17/03/2025,4.0,billable
TS02218,EMP010,PRJ034,27/10/2025,7.6,billable
TS02219,EMP022,PRJ001,2024-08-15,5.9,internal
TS02220,EMP020,PRJ024,19.02.2025,7.7,billable
TS02221,EMP010,PRJ005,14/01/2025,4.1,billable
TS02222,EMP006,PRJ016,16/09/2024,,billable
TS02223,EMP002,PRJ004,2024-05-01,6.6,billable
TS02224,EMP024,PRJ027,21/07/2025,2.6,billable
TS02225,EMP006,PRJ028,2025-06-12,1.3,billable
TS02226,EMP015,PRJ007,2024-05-31,5.1,internal
TS02227,EMP015,PRJ006,2024-07-19,4.6,billable
TS02228,EMP008,PRJ022,22/03/2024,7.8,internal
TS02229,EMP009,PRJ032,2024-11-05,2.4,billable
TS02230,EMP019,PRJ028,05.07.2024,3.4,internal
TS02231,EMP014,PRJ017,2025-05-23,1.2,billable
TS02232,EMP025,PRJ013,15/09/2025,3.8,internal
TS02233,EMP013,PRJ028,03.06.2024,1.6,billable
TS02234,EMP016,PRJ002,02/02/2024,1.4,billable
TS02235,EMP011,PRJ002,12.03.2024,6.6,billable
TS02236,EMP009,PRJ003,2024-01-23,6.2,billable
TS02237,EMP003,PRJ018,12.08.2025,1.0,billable
TS02238,EMP002,PRJ017,17.09.2025,5.3,billable
TS02239,EMP016,PRJ026,2025-09-12,4.7,billable
TS02240,EMP019,PRJ029,02.12.2025,1.8,billable
TS02241,EMP014,PRJ025,2024-04-11,2.0,billable
TS02242,EMP008,PRJ015,2024-06-27,6.3,billable
TS02243,EMP022,PRJ019,19.08.2025,5.0,billable
TS02244,EMP023,PRJ017,18.06.2024,7.2,internal
TS02245,EMP002,PRJ033,2025-04-16,6.7,billable
TS02246,EMP006,PRJ002,2025-10-07,6.6,billable
TS02247,EMP018,PRJ006,28.08.2024,3.6,billable
TS02248,EMP025,PRJ029,30/05/2024,7.3,billable
TS02249,EMP018,PRJ033,02.10.2025,5.1,billable
TS02250,EMP003,PRJ035,2025-02-12,7.3,billable
TS02251,EMP012,PRJ034,09/06/2025,6.2,billable
TS02252,EMP001,PRJ035,25.06.2024,1.4,billable
TS02253,EMP016,PRJ006,2024-07-03,6.9,billable
TS02254,EMP025,PRJ006,10.06.2024,4.6,billable
TS02255,EMP022,PRJ028,29.07.2025,7.3,billable
TS02256,EMP022,PRJ031,11.11.2025,5.4,billable
TS02257,EMP009,PRJ006,2025-08-19,4.0,billable
TS02258,EMP008,PRJ012,14.05.2025,3.0,internal
TS02259,EMP024,PRJ025,30.12.2024,1.7,internal
TS02260,EMP022,PRJ026,05.07.2024,3.0,billable
TS02261,EMP010,PRJ025,27.01.2025,4.8,billable
TS02262,EMP017,PRJ020,04.06.2024,1.5,billable
TS02263,EMP006,PRJ023,18/08/2025,6.3,internal
TS02264,EMP001,PRJ033,12/08/2025,7.7,internal
TS02265,EMP017,PRJ015,22/09/2025,1.3,billable
TS02266,EMP025,PRJ034,2025-03-31,5.2,billable
TS02267,EMP010,PRJ005,07.08.2024,8.0,billable
TS02268,EMP020,PRJ011,2024-07-30,6.0,billable
TS02269,EMP001,PRJ022,10/07/2024,7.9,billable
TS02270,EMP013,PRJ022,18/12/2025,1.2,billable
TS02271,EMP009,PRJ008,2025-09-23,1.7,billable
TS02272,EMP009,PRJ002,05/08/2025,3.9,internal
TS02273,EMP024,PRJ005,12.06.2025,1.9,billable
TS02274,EMP002,PRJ035,08/07/2025,7.7,billable
TS02275,EMP004,PRJ018,2024-03-22,4.1,billable
TS02276,EMP020,PRJ012,07.02.2025,5.4,internal
TS02277,EMP020,PRJ016,16.12.2025,7.8,billable
TS02278,EMP017,PRJ025,2025-08-05,3.2,internal
TS02279,EMP011,PRJ004,23.04.2024,1.9,billable
TS02280,EMP022,PRJ031,06.01.2025,2.7,internal
TS02281,EMP016,PRJ006,10.03.2025,5.8,billable
TS02282,EMP013,PRJ014,07.03.2025,3.2,billable
TS02283,EMP019,PRJ017,03/12/2024,3.6,
TS02284,EMP021,PRJ020,21/05/2024,3.1,internal
TS02285,EMP013,PRJ025,01.12.2025,7.1,internal
TS02286,EMP014,PRJ032,24/02/2025,1.4,internal
TS02287,EMP010,PRJ021,11/03/2025,7.1,billable
TS02288,EMP019,PRJ029,2024-11-11,6.4,internal
TS02289,EMP001,PRJ028,13/05/2024,2.7,internal
TS02290,EMP005,PRJ012,2025-03-04,3.4,billable
TS02291,EMP020,PRJ023,22.08.2024,7.5,billable
TS02292,EMP004,PRJ012,04/06/2024,3.1,internal
TS02293,EMP023,PRJ031,14.11.2024,3.8,internal
TS02294,EMP003,PRJ012,14/10/2024,6.0,billable
TS02295,EMP009,PRJ035,2025-06-13,5.5,internal
TS02296,EMP001,PRJ007,30/04/2025,5.1,internal
TS02297,EMP005,PRJ013,22/03/2024,2.2,billable
TS02298,EMP001,PRJ018,01/04/2025,1.9,billable
TS02299,EMP014,PRJ005,2024-05-30,6.1,internal
TS02300,EMP024,PRJ031,16.12.2024,2.6,billable
TS02301,EMP018,PRJ004,17.04.2025,4.9,internal
TS02302,EMP017,PRJ012,13.11.2024,1.9,billable
TS02303,EMP009,PRJ024,01/10/2024,1.3,billable
TS02304,EMP010,PRJ030,2024-12-12,6.2,internal
TS02305,EMP005,PRJ029,21.10.2024,6.4,billable
TS02306,EMP020,PRJ006,2025-04-08,4.1,internal
TS02307,EMP021,PRJ011,16.05.2025,2.2,billable
TS02308,EMP003,PRJ031,2024-12-30,6.0,billable
TS02309,EMP013,PRJ016,2024-02-12,2.8,billable
TS02310,EMP008,PRJ021,14.07.2025,4.5,billable
TS02311,EMP008,PRJ020,15.01.2024,1.3,internal
TS02312,EMP017,PRJ005,11.02.2025,4.1,billable
TS02313,EMP012,PRJ012,14/10/2024,2.8,internal
TS02314,EMP018,PRJ014,01/07/2025,7.2,billable
TS02315,EMP023,PRJ007,16.01.2024,5.5,billable
TS02316,EMP020,PRJ008,30.05.2024,4.8,internal
TS02317,EMP024,PRJ025,29.09.2025,5.0,billable
TS02318,EMP025,PRJ004,11.11.2024,8.0,billable
TS02319,EMP004,PRJ018,2025-04-07,5.8,billable
TS02320,EMP024,PRJ035,2025-01-27,6.0,billable
TS02321,EMP021,PRJ015,2025-08-29,4.1,billable
TS02322,EMP004,PRJ032,31.01.2024,3.7,internal
TS02323,EMP017,PRJ004,2025-12-29,5.0,internal
TS02324,EMP004,PRJ001,2024-07-08,2.6,internal
TS02325,EMP015,PRJ028,23.01.2025,1.8,internal
TS02326,EMP018,PRJ031,30/01/2025,1.9,billable
TS02327,EMP003,PRJ019,04.03.2024,7.4,billable
TS02328,EMP008,PRJ006,26/08/2025,4.6,billable
TS02329,EMP025,PRJ009,18.07.2024,3.2,billable
TS02330,EMP004,PRJ003,2024-01-04,2.4,internal
TS02331,EMP006,PRJ001,13/01/2025,6.7,billable
TS02332,EMP015,PRJ005,05/12/2024,1.1,billable
TS02333,EMP013,PRJ028,02.10.2024,1.6,billable
TS02334,EMP003,PRJ006,2025-12-23,,internal
TS02335,EMP015,PRJ035,27.11.2024,1.7,billable
TS02336,EMP002,PRJ034,2025-09-23,1.1,internal
TS02337,EMP010,PRJ010,21.01.2025,4.7,billable
TS02338,EMP015,PRJ001,24.06.2025,2.6,billable
TS02339,EMP004,PRJ031,25/06/2025,8.0,billable
TS02340,EMP001,PRJ024,2025-08-28,4.0,billable
TS02341,EMP001,PRJ016,09/05/2024,1.2,billable
TS02342,EMP012,PRJ030,2025-10-08,4.7,billable
TS02343,EMP003,PRJ001,2025-08-08,3.6,billable
TS02344,EMP017,PRJ021,30.04.2024,4.2,billable
TS02345,EMP016,PRJ019,2025-01-29,5.2,internal
TS02346,EMP021,PRJ010,14/10/2024,1.6,billable
TS02347,EMP006,PRJ011,24.05.2024,5.2,billable
TS02348,EMP023,PRJ017,10.01.2025,2.9,billable
TS02349,EMP016,PRJ003,2024-11-22,4.0,billable
TS02350,EMP012,PRJ032,01.01.2024,6.0,billable
TS02351,EMP008,PRJ022,2025-02-25,2.9,billable
TS02352,EMP016,PRJ012,30/05/2025,2.1,billable
TS02353,EMP009,PRJ001,29.02.2024,1.6,billable
TS02354,EMP023,PRJ029,2024-09-03,1.6,internal
TS02355,EMP025,PRJ024,09/01/2024,4.4,billable
TS02356,EMP025,PRJ004,2024-04-03,1.8,billable
TS02357,EMP004,PRJ006,2024-11-18,2.3,billable
TS02358,EMP015,PRJ004,06/08/2025,2.0,billable
TS02359,EMP011,PRJ001,05.01.2024,7.7,billable
TS02360,EMP017,PRJ020,2025-07-29,6.0,billable
TS02361,EMP019,PRJ034,2025-04-24,3.9,billable
TS02362,EMP005,PRJ017,14/10/2024,7.7,internal
TS02363,EMP020,PRJ033,24/05/2024,7.8,billable
TS02364,EMP025,PRJ005,06/02/2024,2.8,billable
TS02365,EMP013,PRJ015,02/12/2025,2.3,billable
TS02366,EMP024,PRJ024,2025-03-24,2.8,internal
TS02367,EMP014,PRJ034,04.03.2024,3.8,billable
TS02368,EMP015,PRJ013,25/08/2025,4.8,internal
TS02369,EMP017,PRJ013,2025-07-14,3.1,billable
TS02370,EMP021,PRJ020,19/02/2025,7.4,billable
TS02371,EMP015,PRJ018,22.12.2025,1.4,billable
TS02372,EMP013,PRJ011,2024-07-29,5.0,billable
TS02373,EMP011,PRJ021,19/04/2024,1.3,billable
TS02374,EMP020,PRJ007,2024-08-27,1.7,billable
TS02375,EMP013,PRJ007,09/09/2025,7.9,billable
TS02376,EMP015,PRJ025,27.02.2024,5.8,billable
TS02377,EMP012,PRJ015,18.11.2024,6.7,internal
TS02378,EMP001,PRJ006,13/11/2025,1.9,billable
TS02379,EMP012,PRJ004,11.01.2024,2.1,billable
TS02380,EMP004,PRJ022,07/08/2024,7.0,internal
TS02381,EMP022,PRJ017,2025-03-26,5.4,billable
TS02382,EMP016,PRJ007,31/03/2025,5.9,internal
TS02383,EMP012,PRJ024,2025-10-21,1.2,billable
TS02384,EMP010,PRJ014,07.11.2024,6.4,billable
TS02385,EMP009,PRJ023,09/05/2024,7.6,internal
TS02386,EMP025,PRJ019,06.03.2024,1.5,billable
TS02387,EMP021,PRJ022,22.09.2025,5.3,billable
TS02388,EMP008,PRJ024,03/12/2025,5.0,billable
TS02389,EMP014,PRJ032,2025-08-06,7.6,billable
TS02390,EMP018,PRJ004,18/03/2024,4.8,billable
TS02391,EMP008,PRJ031,27.05.2025,2.9,billable
TS02392,EMP007,PRJ019,12/11/2024,5.1,internal
TS02393,EMP013,PRJ032,2025-04-14,,internal
TS02394,EMP006,PRJ023,12/01/2024,1.5,billable
TS02395,EMP013,PRJ012,2024-10-21,1.7,billable
TS02396,EMP022,PRJ010,2024-08-12,6.5,billable
TS02397,EMP002,PRJ003,20.10.2025,7.3,billable
TS02398,EMP021,PRJ035,2025-07-23,7.4,
TS02399,EMP004,PRJ006,2025-01-28,,billable
TS02400,EMP022,PRJ022,14.04.2025,3.3,internal
TS02401,EMP015,PRJ021,04.08.2025,7.0,billable
TS02402,EMP010,PRJ011,2025-02-10,1.3,internal
TS02403,EMP006,PRJ001,11.12.2025,2.0,billable
TS02404,EMP015,PRJ002,12/12/2025,5.2,billable
TS02405,EMP006,PRJ015,2025-12-31,6.3,billable
TS02406,EMP004,PRJ011,2024-03-12,3.5,internal
TS02407,EMP024,PRJ001,2025-12-03,3.6,billable
TS02408,EMP007,PRJ035,15.01.2025,3.3,billable
TS02409,EMP024,PRJ030,09.12.2025,7.8,billable
TS02410,EMP002,PRJ004,13.12.2024,7.4,billable
TS02411,EMP018,PRJ025,15.09.2025,7.6,billable
TS02412,EMP017,PRJ018,2024-12-05,7.7,billable
TS02413,EMP005,PRJ011,05.05.2025,2.1,billable
TS02414,EMP005,PRJ015,20/05/2024,5.6,billable
TS02415,EMP009,PRJ014,14.05.2024,7.5,internal
TS02416,EMP012,PRJ013,18.12.2025,1.1,billable
TS02417,EMP021,PRJ014,2024-02-21,2.9,billable
TS02418,EMP023,PRJ029,26.05.2025,3.5,internal
TS02419,EMP023,PRJ013,12.02.2024,7.3,internal
TS02420,EMP002,PRJ027,2024-09-16,3.8,billable
TS02421,EMP008,PRJ029,14.04.2025,4.2,billable
TS02422,EMP005,PRJ005,01.12.2025,1.2,billable
TS02423,EMP022,PRJ005,2025-04-25,3.1,internal
TS02424,EMP024,PRJ034,13/08/2024,1.8,internal
TS02425,EMP018,PRJ018,2024-03-11,5.3,billable
TS02426,EMP007,PRJ008,05/03/2025,4.4,billable
TS02427,EMP014,PRJ026,2025-04-16,7.7,internal
TS02428,EMP005,PRJ006,07/08/2025,4.6,billable
TS02429,EMP025,PRJ017,05/11/2024,5.6,billable
TS02430,EMP010,PRJ013,20/08/2024,5.0,billable
TS02431,EMP015,PRJ013,14/05/2024,6.9,billable
TS02432,EMP010,PRJ010,2024-09-18,2.5,billable
TS02433,EMP021,PRJ021,01.10.2024,5.7,billable
TS02434,EMP002,PRJ035,19.05.2025,7.6,billable
TS02435,EMP014,PRJ010,16.10.2025,2.7,billable
TS02436,EMP022,PRJ025,2024-09-26,2.5,billable
TS02437,EMP010,PRJ030,10/07/2024,7.2,billable
TS02438,EMP009,PRJ013,2024-02-05,6.7,billable
TS02439,EMP022,PRJ034,26.05.2025,3.8,billable
TS02440,EMP025,PRJ025,09/12/2025,4.9,billable
TS02441,EMP023,PRJ018,2025-10-14,3.3,billable
TS02442,EMP009,PRJ026,30.01.2025,7.5,billable
TS02443,EMP014,PRJ014,14/10/2024,1.9,billable
TS02444,EMP001,PRJ022,2025-09-25,7.4,billable
TS02445,EMP013,PRJ010,26/11/2024,6.5,billable
TS02446,EMP006,PRJ008,02/09/2024,1.1,internal
TS02447,EMP023,PRJ008,01/10/2024,2.3,billable
TS02448,EMP009,PRJ035,2025-08-20,2.4,internal
TS02449,EMP010,PRJ021,12/11/2024,2.5,internal
TS02450,EMP025,PRJ030,2024-08-19,1.7,internal
TS02451,EMP024,PRJ008,2025-05-22,7.6,internal
TS02452,EMP012,PRJ029,04/04/2024,7.4,billable
TS02453,EMP022,PRJ018,01/07/2024,4.0,internal
TS02454,EMP021,PRJ032,2024-02-19,1.8,billable
TS02455,EMP022,PRJ002,09.12.2025,4.7,internal
TS02456,EMP015,PRJ030,08.04.2025,1.9,billable
TS02457,EMP015,PRJ001,2024-04-24,3.0,billable
TS02458,EMP012,PRJ010,25/03/2025,7.5,billable
TS02459,EMP002,PRJ003,26.01.2024,7.4,billable
TS02460,EMP010,PRJ012,2024-11-25,4.2,internal
TS02461,EMP010,PRJ015,2025-08-12,5.8,billable
TS02462,EMP021,PRJ006,2025-05-21,8.0,internal
TS02463,EMP012,PRJ023,2025-12-29,2.1,internal
TS02464,EMP021,PRJ012,2025-08-12,6.1,internal
TS02465,EMP020,PRJ023,2025-11-06,5.8,internal
TS02466,EMP025,PRJ029,20.08.2024,5.9,billable
TS02467,EMP010,PRJ024,2025-04-30,5.8,internal
TS02468,EMP008,PRJ028,2025-03-13,1.6,billable
TS02469,EMP002,PRJ030,16/02/2024,4.6,billable
TS02470,EMP017,PRJ011,23/07/2024,3.7,billable
TS02471,EMP012,PRJ015,2025-07-25,5.7,billable
TS02472,EMP016,PRJ028,25/12/2025,6.3,billable
TS02473,EMP011,PRJ029,2024-09-25,1.9,billable
TS02474,EMP005,PRJ011,30.12.2025,4.6,billable
TS02475,EMP012,PRJ010,2025-11-11,7.9,billable
TS02476,EMP013,PRJ004,21/01/2025,2.3,internal
TS02477,EMP013,PRJ016,2025-10-14,6.5,billable
TS02478,EMP018,PRJ004,07/10/2024,3.8,internal
TS02479,EMP016,PRJ021,2024-08-22,7.0,internal
TS02480,EMP001,PRJ005,13.08.2024,6.4,billable
TS02481,EMP022,PRJ026,22.08.2024,5.0,billable
TS02482,EMP024,PRJ018,02.05.2025,1.3,billable
TS02483,EMP021,PRJ005,14/01/2025,1.6,internal
TS02484,EMP022,PRJ022,03.12.2024,4.0,billable
TS02485,EMP019,PRJ014,28/08/2025,3.2,billable
TS02486,EMP001,PRJ009,2024-01-19,2.8,billable
TS02487,EMP021,PRJ032,2024-04-08,2.0,billable
TS02488,EMP019,PRJ016,18/03/2025,7.3,billable
TS02489,EMP013,PRJ003,2025-08-04,7.7,billable
TS02490,EMP016,PRJ015,2024-03-22,6.6,internal
TS02491,EMP022,PRJ002,16.04.2025,7.7,billable
TS02492,EMP018,PRJ027,2024-12-26,2.7,billable
TS02493,EMP023,PRJ020,26/07/2024,1.8,billable
TS02494,EMP017,PRJ022,2024-07-05,2.6,billable
TS02495,EMP001,PRJ023,12/05/2025,6.7,billable
TS02496,EMP010,PRJ031,08/01/2024,6.0,billable
TS02497,EMP010,PRJ020,11/07/2025,5.7,billable
TS02498,EMP015,PRJ020,01/04/2024,3.9,billable
TS02499,EMP009,PRJ022,05/02/2024,1.2,billable
TS02500,EMP002,PRJ025,07/10/2024,5.0,billable
TS02501,EMP021,PRJ023,20/05/2024,5.0,billable
TS02502,EMP019,PRJ030,2024-01-09,2.3,billable
TS02503,EMP022,PRJ014,12/03/2025,3.1,internal
TS02504,EMP020,PRJ022,18/09/2025,3.8,internal
TS02505,EMP011,PRJ017,28/10/2024,6.2,billable
TS02506,EMP010,PRJ008,2025-02-11,5.0,billable
TS02507,EMP023,PRJ017,09.10.2024,5.0,billable
TS02508,EMP009,PRJ002,24.06.2025,6.3,internal
TS02509,EMP002,PRJ022,27/05/2025,3.9,billable
TS02510,EMP019,PRJ035,21/10/2025,6.4,billable
TS02511,EMP001,PRJ029,14/05/2024,1.4,billable
TS02512,EMP010,PRJ034,24/12/2024,2.3,billable
TS02513,EMP019,PRJ009,08/05/2024,1.3,billable
TS02514,EMP010,PRJ025,06.03.2024,2.0,billable
TS02515,EMP024,PRJ023,19.04.2024,2.0,billable
TS02516,EMP013,PRJ023,25/06/2025,5.9,billable
TS02517,EMP016,PRJ001,2025-07-22,7.6,internal
TS02518,EMP003,PRJ017,23/12/2025,3.5,billable
TS02519,EMP008,PRJ006,15/03/2024,2.6,billable
TS02520,EMP006,PRJ013,2025-02-21,2.1,billable
TS02521,EMP010,PRJ030,28.10.2024,2.3,billable
TS02522,EMP022,PRJ029,18.08.2025,3.9,billable
TS02523,EMP018,PRJ002,05.02.2024,4.9,internal
TS02524,EMP005,PRJ018,2025-01-27,6.3,internal
TS02525,EMP021,PRJ032,24/03/2025,7.2,billable
TS02526,EMP007,PRJ021,29/02/2024,2.1,billable
TS02527,EMP018,PRJ018,10/03/2025,3.7,billable
TS02528,EMP025,PRJ011,2024-07-22,2.4,billable
TS02529,EMP005,PRJ002,2024-05-17,3.3,billable
TS02530,EMP008,PRJ002,12/08/2024,2.4,billable
TS02531,EMP022,PRJ028,14/04/2025,3.6,internal
TS02532,EMP016,PRJ023,2024-11-18,2.7,billable
TS02533,EMP002,PRJ006,26.06.2024,7.4,billable
TS02534,EMP006,PRJ016,2024-01-30,2.5,billable
TS02535,EMP015,PRJ005,2025-08-18,6.7,internal
TS02536,EMP006,PRJ009,28/10/2024,1.4,billable
TS02537,EMP009,PRJ035,18/04/2025,6.1,internal
TS02538,EMP011,PRJ017,27.02.2025,1.7,internal
TS02539,EMP009,PRJ004,30.01.2025,3.5,billable
TS02540,EMP022,PRJ031,2025-10-06,2.0,billable
TS02541,EMP002,PRJ022,29.01.2025,3.8,billable
TS02542,EMP024,PRJ010,10/09/2024,4.4,billable
TS02543,EMP006,PRJ007,2024-05-13,1.6,internal
TS02544,EMP002,PRJ016,16/12/2025,3.4,billable
TS02545,EMP002,PRJ005,10/04/2025,7.0,internal
TS02546,EMP021,PRJ015,04.09.2025,2.1,billable
TS02547,EMP006,PRJ021,2024-04-22,4.5,billable
TS02548,EMP024,PRJ017,2024-09-12,2.5,billable
TS02549,EMP005,PRJ010,25/04/2024,3.6,billable
TS02550,EMP021,PRJ025,2024-07-15,7.4,billable
TS02551,EMP007,PRJ019,2024-10-28,3.1,internal
TS02552,EMP016,PRJ033,05/09/2025,5.1,billable
TS02553,EMP001,PRJ024,22.09.2025,5.8,internal
TS02554,EMP011,PRJ013,01.12.2025,4.1,billable
TS02555,EMP021,PRJ014,12/06/2024,7.6,billable
TS02556,EMP015,PRJ032,30/04/2025,3.2,billable
TS02557,EMP003,PRJ026,23.12.2024,4.8,billable
TS02558,EMP019,PRJ011,03/06/2024,5.1,billable
TS02559,EMP025,PRJ027,13/08/2024,1.3,billable
TS02560,EMP013,PRJ015,2025-03-24,2.7,billable
TS02561,EMP020,PRJ019,11/11/2025,6.3,billable
TS02562,EMP009,PRJ033,2024-01-30,5.5,billable
TS02563,EMP008,PRJ035,2024-02-13,1.3,billable
TS02564,EMP021,PRJ006,2024-07-02,7.0,billable
TS02565,EMP010,PRJ033,11/11/2025,7.4,billable
TS02566,EMP018,PRJ027,2025-07-02,4.5,billable
TS02567,EMP017,PRJ021,25/09/2024,4.9,billable
TS02568,EMP022,PRJ001,13.02.2024,6.6,billable
TS02569,EMP021,PRJ034,06/05/2025,2.7,billable
TS02570,EMP021,PRJ026,15/10/2024,7.6,billable
TS02571,EMP014,PRJ009,12.08.2024,3.1,billable
TS02572,EMP005,PRJ012,19.03.2024,2.4,billable
TS02573,EMP020,PRJ017,30/06/2025,2.5,internal
TS02574,EMP019,PRJ008,2024-04-02,4.3,billable
TS02575,EMP020,PRJ018,2025-08-12,5.8,billable
TS02576,EMP024,PRJ002,28/02/2024,2.5,billable
TS02577,EMP006,PRJ001,04.03.2024,1.0,internal
TS02578,EMP018,PRJ026,12.07.2024,7.1,billable
TS02579,EMP009,PRJ016,2025-06-26,7.3,billable
TS02580,EMP006,PRJ027,22.09.2025,2.2,internal
TS02581,EMP018,PRJ028,2024-06-18,6.8,internal
TS02582,EMP018,PRJ014,2025-05-28,5.3,billable
TS02583,EMP024,PRJ006,03.06.2025,3.4,billable
TS02584,EMP025,PRJ026,02/07/2024,3.8,billable
TS02585,EMP004,PRJ001,2024-03-19,2.3,billable
TS02586,EMP020,PRJ010,11.04.2024,5.7,internal
TS02587,EMP006,PRJ030,08/09/2025,6.1,billable
TS02588,EMP024,PRJ002,19/02/2025,7.7,billable
TS02589,EMP025,PRJ024,18.08.2025,2.2,billable
TS02590,EMP009,PRJ016,19/03/2024,5.3,billable
TS02591,EMP017,PRJ008,26.12.2024,7.8,billable
TS02592,EMP010,PRJ023,2025-11-07,4.5,billable
TS02593,EMP005,PRJ026,20/01/2025,3.6,internal
TS02594,EMP020,PRJ023,11/08/2025,6.8,billable
TS02595,EMP019,PRJ011,17.12.2024,3.3,billable
TS02596,EMP025,PRJ029,01.11.2024,7.2,billable
TS02597,EMP016,PRJ010,24/09/2025,3.9,billable
TS02598,EMP020,PRJ026,13.05.2025,1.2,billable
TS02599,EMP016,PRJ017,28.07.2025,3.5,billable
TS02600,EMP017,PRJ013,2025-09-16,6.6,internal
TS02601,EMP015,PRJ034,07.10.2025,3.4,billable
TS02602,EMP013,PRJ019,21/08/2025,4.7,
TS02603,EMP022,PRJ033,2025-02-07,7.1,billable
TS02604,EMP002,PRJ011,12/02/2025,2.0,billable
TS02605,EMP002,PRJ002,11/07/2025,2.3,billable
TS02606,EMP008,PRJ001,2025-07-23,7.1,billable
TS02607,EMP011,PRJ031,2024-11-08,5.7,billable
TS02608,EMP009,PRJ007,2025-07-22,3.4,
TS02609,EMP015,PRJ024,16.01.2024,1.3,billable
TS02610,EMP022,PRJ026,16.04.2024,5.1,internal
TS02611,EMP012,PRJ025,28.10.2024,1.7,billable
TS02612,EMP018,PRJ019,18/03/2025,4.1,billable
TS02613,EMP021,PRJ008,27.06.2025,4.3,billable
TS02614,EMP021,PRJ014,2025-03-13,3.6,billable
TS02615,EMP010,PRJ017,14/05/2024,5.2,internal
TS02616,EMP014,PRJ026,20/01/2025,2.2,internal
TS02617,EMP004,PRJ021,18/12/2024,5.3,billable
TS02618,EMP025,PRJ012,09.07.2024,7.6,
TS02619,EMP021,PRJ019,26/03/2025,6.6,billable
TS02620,EMP018,PRJ019,2025-12-02,6.5,billable
TS02621,EMP004,PRJ015,2025-07-01,2.6,billable
TS02622,EMP024,PRJ023,13.08.2024,1.7,billable
TS02623,EMP013,PRJ009,2025-11-05,2.3,billable
TS02624,EMP008,PRJ010,10/10/2025,7.8,billable
TS02625,EMP018,PRJ016,24.09.2025,3.4,billable
TS02626,EMP006,PRJ020,25.06.2024,5.8,billable
TS02627,EMP004,PRJ033,03/12/2024,4.4,billable
TS02628,EMP002,PRJ034,2025-10-14,1.3,billable
TS02629,EMP009,PRJ031,23/08/2024,6.4,billable
TS02630,EMP017,PRJ019,2024-04-24,6.8,internal
TS02631,EMP019,PRJ030,23.07.2024,2.8,internal
TS02632,EMP016,PRJ033,01.07.2025,1.2,billable
TS02633,EMP003,PRJ013,02.09.2024,6.8,billable
TS02634,EMP002,PRJ033,30.04.2025,4.5,internal
TS02635,EMP016,PRJ035,01.05.2025,2.4,billable
TS02636,EMP003,PRJ021,04/07/2024,1.9,billable
TS02637,EMP011,PRJ015,2025-05-09,6.7,internal
TS02638,EMP004,PRJ023,11/03/2025,5.8,billable
TS02639,EMP024,PRJ031,31.03.2025,6.2,internal
TS02640,EMP003,PRJ020,19.08.2024,2.5,billable
TS02641,EMP013,PRJ028,25.09.2024,7.8,billable
TS02642,EMP001,PRJ003,24/04/2024,1.3,billable
TS02643,EMP018,PRJ015,01.12.2025,6.0,billable
TS02644,EMP022,PRJ034,24/10/2024,7.3,billable
TS02645,EMP017,PRJ034,31.10.2024,5.3,internal
TS02646,EMP012,PRJ029,25/06/2024,4.9,internal
TS02647,EMP012,PRJ034,09.05.2024,7.6,billable
TS02648,EMP015,PRJ030,07.07.2025,5.3,internal
TS02649,EMP010,PRJ034,07/07/2025,2.3,billable
TS02650,EMP011,PRJ034,04/11/2024,7.4,billable
TS02651,EMP007,PRJ028,23/05/2025,6.3,billable
TS02652,EMP006,PRJ014,15/10/2025,1.2,billable
TS02653,EMP004,PRJ006,14/08/2025,2.7,internal
TS02654,EMP011,PRJ001,24.01.2024,6.2,billable
TS02655,EMP004,PRJ029,2025-04-24,5.0,billable
TS02656,EMP014,PRJ014,14.08.2024,6.8,billable
TS02657,EMP017,PRJ035,22.01.2024,6.3,
TS02658,EMP011,PRJ013,09.05.2024,5.7,billable
TS02659,EMP019,PRJ006,2024-01-11,2.7,internal
TS02660,EMP010,PRJ009,2025-10-23,7.1,billable
TS02661,EMP002,PRJ034,03.12.2024,6.8,internal
TS02662,EMP011,PRJ004,2024-05-20,3.1,billable
TS02663,EMP023,PRJ034,2025-05-23,2.4,internal
TS02664,EMP023,PRJ023,2025-06-05,6.0,billable
TS02665,EMP020,PRJ004,22/12/2025,1.0,billable
TS02666,EMP014,PRJ006,10.01.2025,5.4,billable
TS02667,EMP013,PRJ025,02/09/2024,5.1,billable
TS02668,EMP004,PRJ025,24.10.2024,2.7,internal
TS02669,EMP017,PRJ016,2025-04-29,4.4,billable
TS02670,EMP025,PRJ025,25/02/2025,1.0,internal
TS02671,EMP009,PRJ017,2024-03-11,6.7,billable
TS02672,EMP023,PRJ030,27.11.2024,5.4,billable
TS02673,EMP010,PRJ027,2024-09-30,1.3,billable
TS02674,EMP018,PRJ001,20/05/2024,4.4,billable
TS02675,EMP014,PRJ009,05/06/2025,7.1,billable
TS02676,EMP017,PRJ015,2025-08-29,3.2,billable
TS02677,EMP002,PRJ027,22.05.2025,3.8,billable
TS02678,EMP023,PRJ001,06/08/2025,2.2,billable
TS02679,EMP025,PRJ018,25.11.2024,6.3,billable
TS02680,EMP011,PRJ035,09/04/2025,2.0,billable
TS02681,EMP021,PRJ028,2025-07-22,7.7,internal
TS02682,EMP009,PRJ003,26.07.2024,3.1,billable
TS02683,EMP017,PRJ032,29.07.2024,4.8,billable
TS02684,EMP024,PRJ015,07/08/2024,3.8,
TS02685,EMP008,PRJ001,11/09/2025,1.1,internal
TS02686,EMP014,PRJ002,09/07/2024,4.8,billable
TS02687,EMP002,PRJ017,2024-03-12,5.6,billable
TS02688,EMP024,PRJ023,08/04/2025,4.2,billable
TS02689,EMP023,PRJ032,2025-12-09,5.1,billable
TS02690,EMP012,PRJ016,18/07/2025,5.5,billable
TS02691,EMP021,PRJ010,27/05/2024,6.3,billable
TS02692,EMP018,PRJ031,03.06.2024,6.2,internal
TS02693,EMP012,PRJ006,2025-05-22,6.9,internal
TS02694,EMP023,PRJ014,25.06.2024,3.9,billable
TS02695,EMP013,PRJ034,2025-03-17,1.7,billable
TS02696,EMP013,PRJ029,2025-12-12,5.6,billable
TS02697,EMP011,PRJ016,2025-02-04,7.3,billable
TS02698,EMP014,PRJ035,20/08/2025,1.2,billable
TS02699,EMP004,PRJ032,06.09.2024,2.0,internal
TS02700,EMP015,PRJ014,2025-09-22,4.2,billable
TS02701,EMP003,PRJ007,2024-07-30,4.8,billable
TS02702,EMP003,PRJ025,22/05/2025,2.0,billable
TS02703,EMP025,PRJ018,2025-02-21,6.5,internal
TS02704,EMP003,PRJ031,09/01/2024,4.2,billable
TS02705,EMP008,PRJ020,2024-10-29,7.0,internal
TS02706,EMP021,PRJ026,16.01.2024,2.0,billable
TS02707,EMP024,PRJ002,20/08/2025,2.9,billable
TS02708,EMP006,PRJ025,23/09/2025,1.2,billable
TS02709,EMP004,PRJ015,13/05/2024,4.3,billable
TS02710,EMP018,PRJ002,24.11.2025,1.9,internal
TS02711,EMP004,PRJ025,07.02.2024,1.9,billable
TS02712,EMP018,PRJ006,25/06/2024,6.6,billable
TS02713,EMP024,PRJ035,27.02.2025,2.8,billable
TS02714,EMP015,PRJ025,01/03/2024,7.4,billable
TS02715,EMP017,PRJ015,2025-03-24,6.7,billable
TS02716,EMP002,PRJ032,2024-10-25,5.3,billable
TS02717,EMP013,PRJ034,25.07.2024,3.8,internal
TS02718,EMP011,PRJ015,14/10/2024,4.8,billable
TS02719,EMP017,PRJ011,30/04/2024,2.6,internal
TS02720,EMP005,PRJ001,21.06.2024,1.5,billable
TS02721,EMP024,PRJ010,2024-01-15,,billable
TS02722,EMP001,PRJ002,15/07/2025,4.6,billable
TS02723,EMP015,PRJ016,01.09.2025,1.8,billable
TS02724,EMP019,PRJ006,2024-05-06,2.8,billable
TS02725,EMP003,PRJ025,2025-08-04,6.3,billable
TS02726,EMP015,PRJ035,14.08.2025,,billable
TS02727,EMP024,PRJ022,2024-11-05,4.8,internal
TS02728,EMP018,PRJ028,2025-05-06,8.0,billable
TS02729,EMP019,PRJ033,2024-10-10,5.8,billable
TS02730,EMP008,PRJ029,2024-03-25,7.5,billable
TS02731,EMP018,PRJ024,11.12.2025,2.8,billable
TS02732,EMP001,PRJ013,2025-10-13,2.8,internal
TS02733,EMP025,PRJ016,11/10/2024,3.9,billable
TS02734,EMP020,PRJ017,17/10/2024,5.1,billable
TS02735,EMP002,PRJ007,29.02.2024,4.9,billable
TS02736,EMP023,PRJ035,2024-04-03,5.8,billable
TS02737,EMP020,PRJ019,2024-01-02,2.0,internal
TS02738,EMP003,PRJ032,25/09/2024,5.8,internal
TS02739,EMP021,PRJ013,2025-02-25,3.2,internal
TS02740,EMP001,PRJ019,01.04.2024,2.1,billable
TS02741,EMP011,PRJ007,2025-07-16,1.8,billable
TS02742,EMP011,PRJ023,01/08/2025,1.1,billable
TS02743,EMP015,PRJ012,2024-08-12,1.4,billable
TS02744,EMP008,PRJ034,28.05.2024,4.2,billable
TS02745,EMP007,PRJ009,04/08/2025,6.1,internal
TS02746,EMP001,PRJ017,01.07.2025,6.0,billable
TS02747,EMP008,PRJ017,15/11/2024,3.7,billable
TS02748,EMP015,PRJ027,2024-08-12,7.0,billable
TS02749,EMP008,PRJ001,09.01.2025,4.5,billable
TS02750,EMP010,PRJ032,03/06/2024,2.8,billable
TS02751,EMP018,PRJ011,18.06.2024,7.6,internal
TS02752,EMP022,PRJ012,07/02/2025,4.2,billable
TS02753,EMP013,PRJ023,2025-12-16,6.5,internal
TS02754,EMP020,PRJ029,24/02/2025,7.0,billable
TS02755,EMP015,PRJ006,2025-11-11,2.1,billable
TS02756,EMP004,PRJ033,06/11/2024,4.5,billable
TS02757,EMP011,PRJ018,02/08/2024,3.2,billable
TS02758,EMP018,PRJ010,23.04.2024,2.1,billable
TS02759,EMP024,PRJ023,2024-06-18,3.5,
TS02760,EMP023,PRJ018,2024-10-16,5.5,billable
TS02761,EMP016,PRJ013,15/07/2025,4.9,billable
TS02762,EMP014,PRJ015,12/11/2024,2.6,billable
TS02763,EMP006,PRJ005,24/06/2025,4.6,billable
TS02764,EMP013,PRJ017,2024-01-19,3.4,billable
TS02765,EMP006,PRJ024,2024-11-14,2.4,billable
TS02766,EMP001,PRJ008,26.12.2025,3.8,billable
TS02767,EMP008,PRJ032,27.05.2024,1.7,billable
TS02768,EMP007,PRJ011,04.03.2024,8.0,billable
TS02769,EMP020,PRJ004,2024-03-25,1.6,billable
TS02770,EMP016,PRJ008,03.09.2024,1.7,billable
TS02771,EMP025,PRJ027,16.02.2024,6.5,billable
TS02772,EMP005,PRJ023,2025-12-01,6.0,internal
TS02773,EMP019,PRJ019,13/10/2025,4.3,billable
TS02774,EMP003,PRJ014,2025-03-24,3.4,billable
TS02775,EMP006,PRJ034,25.11.2025,7.1,
TS02776,EMP015,PRJ004,2024-08-20,4.3,internal
TS02777,EMP017,PRJ008,2025-09-22,4.3,internal
TS02778,EMP025,PRJ025,16.09.2024,4.4,internal
TS02779,EMP008,PRJ003,2025-04-03,,billable
TS02780,EMP010,PRJ001,20/11/2025,6.1,billable
TS02781,EMP002,PRJ001,24/06/2024,5.6,billable
TS02782,EMP007,PRJ026,09/07/2024,2.1,internal
TS02783,EMP013,PRJ025,18/07/2025,3.5,billable
TS02784,EMP015,PRJ023,2024-03-08,4.1,billable
TS02785,EMP012,PRJ010,01/04/2024,3.3,billable
TS02786,EMP013,PRJ005,2024-01-05,4.4,billable
TS02787,EMP021,PRJ034,2024-09-23,7.2,billable
TS02788,EMP020,PRJ035,15/08/2024,5.0,billable
TS02789,EMP001,PRJ020,2024-04-19,6.2,billable
TS02790,EMP008,PRJ003,30/05/2024,1.7,internal
TS02791,EMP023,PRJ025,2025-12-16,3.0,billable
TS02792,EMP020,PRJ022,2024-08-26,3.2,billable
TS02793,EMP025,PRJ018,2025-05-27,3.9,internal
TS02794,EMP019,PRJ028,07/05/2024,3.2,billable
TS02795,EMP004,PRJ009,15/07/2025,6.4,internal
TS02796,EMP008,PRJ024,30/07/2025,4.5,billable
TS02797,EMP021,PRJ003,2025-11-18,6.7,billable
TS02798,EMP010,PRJ019,21/03/2025,6.3,internal
TS02799,EMP015,PRJ030,2024-05-24,1.3,billable
TS02800,EMP017,PRJ030,07.05.2024,3.5,internal
TS02801,EMP025,PRJ015,2025-05-07,5.7,billable
TS02802,EMP008,PRJ034,17/01/2024,6.4,internal
TS02803,EMP017,PRJ021,2025-12-23,4.2,billable
TS02804,EMP009,PRJ026,02/12/2025,4.7,internal
TS02805,EMP010,PRJ003,2025-04-04,3.9,billable
TS02806,EMP022,PRJ014,27.05.2024,4.3,billable
TS02807,EMP024,PRJ026,02.05.2025,3.9,billable
TS02808,EMP014,PRJ033,01.05.2025,5.3,billable
TS02809,EMP017,PRJ034,2025-02-06,5.1,billable
TS02810,EMP025,PRJ016,24.09.2024,1.0,internal
TS02811,EMP025,PRJ010,2025-04-30,2.4,billable
TS02812,EMP015,PRJ028,20.09.2024,6.4,billable
TS02813,EMP015,PRJ004,30/04/2025,4.5,internal
TS02814,EMP006,PRJ028,2024-03-19,5.1,internal
TS02815,EMP005,PRJ012,2025-05-05,2.5,billable
TS02816,EMP002,PRJ012,2024-06-28,7.6,billable
TS02817,EMP015,PRJ024,2025-10-28,7.2,billable
TS02818,EMP006,PRJ004,28/10/2024,2.1,internal
TS02819,EMP018,PRJ026,2025-08-13,4.9,billable
TS02820,EMP019,PRJ001,2024-07-31,5.1,internal
TS02821,EMP014,PRJ001,2024-04-09,8.0,internal
TS02822,EMP003,PRJ004,10/03/2025,4.8,internal
TS02823,EMP001,PRJ014,2024-03-25,3.8,billable
TS02824,EMP002,PRJ019,20/08/2025,2.4,billable
TS02825,EMP013,PRJ015,25.04.2024,7.0,billable
TS02826,EMP008,PRJ001,08.07.2025,2.6,billable
TS02827,EMP009,PRJ004,11.06.2024,7.2,billable
TS02828,EMP004,PRJ015,2025-09-11,2.6,billable
TS02829,EMP018,PRJ006,12/06/2024,7.3,billable
TS02830,EMP010,PRJ028,01/03/2024,1.9,billable
TS02831,EMP006,PRJ030,2024-06-19,4.9,billable
TS02832,EMP024,PRJ024,24.01.2024,4.2,billable
TS02833,EMP014,PRJ032,2025-01-07,6.3,internal
TS02834,EMP022,PRJ007,01.08.2025,7.7,internal
TS02835,EMP003,PRJ024,2024-11-04,7.2,billable
TS02836,EMP002,PRJ015,2024-06-26,7.3,billable
TS02837,EMP006,PRJ016,01/01/2025,1.5,billable
TS02838,EMP012,PRJ004,26/04/2024,5.3,billable
TS02839,EMP022,PRJ003,19.08.2024,7.0,billable
TS02840,EMP007,PRJ013,2024-09-10,2.3,billable
TS02841,EMP014,PRJ009,08.01.2024,6.7,billable
TS02842,EMP021,PRJ015,07/05/2024,1.9,internal
TS02843,EMP019,PRJ004,01/04/2025,6.5,internal
TS02844,EMP020,PRJ009,27/02/2024,1.8,billable
TS02845,EMP015,PRJ020,2025-08-25,3.6,billable
TS02846,EMP009,PRJ006,04.08.2025,2.4,billable
TS02847,EMP005,PRJ012,2025-02-11,4.1,billable
TS02848,EMP013,PRJ009,11/03/2025,7.0,billable
TS02849,EMP021,PRJ026,2024-09-16,3.7,internal
TS02850,EMP014,PRJ008,2025-04-04,6.7,billable
TS02851,EMP024,PRJ035,2024-10-02,3.2,billable
TS02852,EMP003,PRJ023,2025-12-08,2.6,billable
TS02853,EMP024,PRJ009,2024-04-12,5.1,billable
TS02854,EMP015,PRJ032,28/08/2025,4.2,billable
TS02855,EMP023,PRJ017,14.05.2024,2.1,billable
TS02856,EMP021,PRJ021,18.12.2025,7.5,internal
TS02857,EMP001,PRJ020,09/07/2025,4.4,billable
TS02858,EMP007,PRJ014,28.08.2024,6.3,billable
TS02859,EMP020,PRJ004,18.06.2024,3.4,billable
TS02860,EMP002,PRJ034,09/12/2024,5.5,internal
TS02861,EMP024,PRJ035,24/06/2024,7.8,billable
TS02862,EMP013,PRJ012,19/01/2024,6.2,billable
TS02863,EMP006,PRJ024,08.11.2024,7.5,internal
TS02864,EMP003,PRJ026,21/06/2024,4.9,
TS02865,EMP006,PRJ023,10/11/2025,7.5,billable
TS02866,EMP007,PRJ017,2024-07-03,5.5,billable
TS02867,EMP009,PRJ006,2024-10-21,5.0,billable
TS02868,EMP021,PRJ027,2025-02-07,2.2,billable
TS02869,EMP009,PRJ022,2024-02-23,7.7,billable
TS02870,EMP010,PRJ003,2024-01-22,6.0,billable
TS02871,EMP008,PRJ016,2025-01-14,6.3,billable
TS02872,EMP015,PRJ006,2024-03-29,7.6,billable
TS02873,EMP001,PRJ034,27/05/2024,4.2,billable
TS02874,EMP022,PRJ027,2024-02-26,4.3,billable
TS02875,EMP017,PRJ023,11/01/2024,1.1,billable
TS02876,EMP003,PRJ029,11.03.2025,5.6,internal
TS02877,EMP007,PRJ027,29.04.2024,1.1,internal
TS02878,EMP014,PRJ020,20/05/2024,7.6,billable
TS02879,EMP010,PRJ008,22.07.2024,4.2,billable
TS02880,EMP016,PRJ027,02/02/2024,4.0,billable
TS02881,EMP002,PRJ018,14/03/2025,6.7,billable
TS02882,EMP001,PRJ006,2025-05-21,5.3,billable
TS02883,EMP006,PRJ019,29/07/2025,2.5,billable
TS02884,EMP008,PRJ018,2024-12-19,4.0,billable
TS02885,EMP009,PRJ029,06/08/2025,6.3,billable
TS02886,EMP012,PRJ015,22.01.2025,6.9,billable
TS02887,EMP015,PRJ012,23/07/2024,4.6,billable
TS02888,EMP001,PRJ022,20/08/2024,4.5,billable
TS02889,EMP006,PRJ006,04.02.2025,6.1,billable
TS02890,EMP002,PRJ015,05/05/2025,4.7,billable
TS02891,EMP021,PRJ027,08.04.2024,3.1,billable
TS02892,EMP002,PRJ026,21.01.2025,1.6,internal
TS02893,EMP014,PRJ017,28/02/2025,6.9,billable
TS02894,EMP003,PRJ024,05.11.2025,3.1,billable
TS02895,EMP020,PRJ003,04.03.2024,2.0,billable
TS02896,EMP001,PRJ034,11.11.2024,3.3,billable
TS02897,EMP001,PRJ019,29/08/2024,3.5,internal
TS02898,EMP008,PRJ016,01.04.2025,2.9,billable
TS02899,EMP016,PRJ029,12/11/2025,2.5,internal
TS02900,EMP004,PRJ009,08/07/2024,6.1,billable
TS02901,EMP025,PRJ006,23.09.2025,1.1,billable
TS02902,EMP007,PRJ033,2024-12-03,5.7,internal
TS02903,EMP019,PRJ027,30.07.2024,3.1,internal
TS02904,EMP017,PRJ031,13.02.2025,1.2,internal
TS02905,EMP022,PRJ020,07.08.2025,2.0,internal
TS02906,EMP018,PRJ028,17/12/2025,6.4,billable
TS02907,EMP014,PRJ026,2024-07-29,2.3,billable
TS02908,EMP022,PRJ001,30.04.2025,2.3,internal
TS02909,EMP020,PRJ006,2025-11-20,8.0,internal
TS02910,EMP014,PRJ021,2024-07-29,6.4,billable
TS02911,EMP001,PRJ035,11/03/2025,6.8,billable
TS02912,EMP006,PRJ002,30.07.2024,6.0,billable
TS02913,EMP003,PRJ016,02.12.2024,3.1,internal
TS02914,EMP012,PRJ027,2025-04-07,1.2,billable
TS02915,EMP018,PRJ029,15.07.2024,1.0,billable
TS02916,EMP009,PRJ015,28/07/2025,7.4,billable
TS02917,EMP002,PRJ010,11/12/2025,5.7,billable
TS02918,EMP016,PRJ033,08.01.2024,3.7,billable
TS02919,EMP004,PRJ022,2025-10-22,4.7,internal
TS02920,EMP009,PRJ010,2025-10-31,4.6,billable
TS02921,EMP004,PRJ031,27/02/2024,7.6,internal
TS02922,EMP002,PRJ014,01.02.2024,4.6,billable
TS02923,EMP003,PRJ030,12.06.2024,3.8,billable
TS02924,EMP021,PRJ019,2024-11-04,6.9,billable
TS02925,EMP005,PRJ034,03.06.2025,5.6,internal
TS02926,EMP021,PRJ018,02/04/2024,1.5,billable
TS02927,EMP024,PRJ025,22/04/2024,2.2,billable
TS02928,EMP017,PRJ009,2024-01-18,2.7,billable
TS02929,EMP014,PRJ013,19/11/2025,7.3,billable
TS02930,EMP013,PRJ012,21.10.2025,2.8,internal
TS02931,EMP001,PRJ006,01.07.2024,1.1,billable
TS02932,EMP006,PRJ024,2024-08-08,3.9,billable
TS02933,EMP008,PRJ030,07/01/2025,2.7,billable
TS02934,EMP023,PRJ004,12/09/2024,5.3,
TS02935,EMP010,PRJ016,21.01.2025,3.2,internal
TS02936,EMP008,PRJ028,18.09.2024,4.5,billable
TS02937,EMP025,PRJ018,26/11/2025,1.1,billable
TS02938,EMP017,PRJ035,30.05.2024,1.8,internal
TS02939,EMP017,PRJ024,2024-10-10,7.6,billable
TS02940,EMP008,PRJ028,09.02.2024,3.7,internal
TS02941,EMP014,PRJ019,22/08/2025,1.5,billable
TS02942,EMP022,PRJ012,2024-05-20,6.2,internal
TS02943,EMP006,PRJ027,31/07/2025,5.3,billable
TS02944,EMP019,PRJ027,02.07.2024,2.3,billable
TS02945,EMP020,PRJ010,25.08.2025,7.4,billable
TS02946,EMP025,PRJ031,13/02/2025,4.9,billable
TS02947,EMP025,PRJ028,15.01.2024,3.1,billable
TS02948,EMP009,PRJ016,09.04.2024,3.3,billable
TS02949,EMP003,PRJ010,2024-05-09,3.8,billable
TS02950,EMP022,PRJ030,12.02.2025,2.0,billable
TS02951,EMP010,PRJ015,06.02.2024,7.1,billable
TS02952,EMP001,PRJ014,2025-06-12,6.7,billable
TS02953,EMP016,PRJ009,05.02.2024,5.1,billable
TS02954,EMP010,PRJ011,2025-11-14,7.6,billable
TS02955,EMP021,PRJ010,2024-02-26,4.6,billable
TS02956,EMP014,PRJ028,15/09/2025,7.6,billable
TS02957,EMP005,PRJ035,06/02/2024,5.5,internal
TS02958,EMP003,PRJ031,2025-11-05,3.6,billable
TS02959,EMP004,PRJ034,2025-03-18,5.0,internal
TS02960,EMP024,PRJ019,09/01/2024,3.2,internal
TS02961,EMP006,PRJ021,20/08/2024,7.8,billable
TS02962,EMP013,PRJ007,2024-01-16,1.4,billable
TS02963,EMP012,PRJ004,19.08.2024,3.9,internal
TS02964,EMP023,PRJ022,30.09.2025,6.2,billable
TS02965,EMP016,PRJ013,05.08.2024,4.2,billable
TS02966,EMP010,PRJ018,04/04/2025,3.0,billable
TS02967,EMP024,PRJ035,03/03/2025,7.1,internal
TS02968,EMP001,PRJ031,27.02.2025,3.2,internal
TS02969,EMP002,PRJ023,01.04.2024,4.4,billable
TS02970,EMP012,PRJ006,01/10/2024,3.5,billable
TS02971,EMP018,PRJ023,05.06.2025,1.0,billable
TS02972,EMP004,PRJ021,07.04.2025,2.8,billable
TS02973,EMP020,PRJ008,11/02/2025,1.3,
TS02974,EMP019,PRJ016,15/01/2024,6.0,billable
TS02975,EMP001,PRJ016,2025-09-10,7.5,billable
TS02976,EMP001,PRJ014,25.08.2025,3.7,internal
TS02977,EMP012,PRJ035,21.07.2025,3.8,internal
TS02978,EMP022,PRJ029,30/06/2025,4.8,billable
TS02979,EMP003,PRJ025,2024-10-16,5.8,billable
TS02980,EMP011,PRJ027,15.05.2024,2.4,internal
TS02981,EMP001,PRJ033,03/06/2025,7.3,internal
TS02982,EMP020,PRJ031,13.02.2024,5.2,billable
TS02983,EMP020,PRJ006,07.07.2025,6.9,internal
TS02984,EMP008,PRJ006,2024-04-04,2.4,internal
TS02985,EMP004,PRJ022,2025-07-04,2.9,billable
TS02986,EMP008,PRJ012,04/11/2025,1.8,billable
TS02987,EMP022,PRJ011,30/05/2024,1.1,billable
TS02988,EMP009,PRJ024,29.12.2025,2.9,billable
TS02989,EMP018,PRJ009,2025-10-17,7.3,billable
TS02990,EMP020,PRJ022,06/09/2024,5.0,billable
TS02991,EMP005,PRJ027,03.07.2024,,billable
TS02992,EMP008,PRJ001,21.05.2024,6.2,billable
TS02993,EMP016,PRJ029,09/01/2024,2.5,billable
TS02994,EMP002,PRJ026,30/08/2024,1.3,billable
TS02995,EMP005,PRJ034,20/10/2025,1.6,billable
TS02996,EMP019,PRJ008,12.01.2024,7.0,billable
TS02997,EMP024,PRJ016,2025-10-16,1.2,billable
TS02998,EMP023,PRJ013,16.04.2025,6.3,billable
TS02999,EMP004,PRJ012,05.02.2025,1.3,billable
TS03000,EMP015,PRJ023,19/05/2025,7.5,billable
TS03001,EMP019,PRJ009,14.02.2024,3.2,billable
TS03002,EMP011,PRJ015,10.06.2025,1.6,billable
TS03003,EMP020,PRJ025,24/12/2024,5.4,billable
TS03004,EMP025,PRJ022,2025-02-11,7.9,billable
TS03005,EMP005,PRJ008,20.05.2025,5.3,billable
TS03006,EMP014,PRJ007,06/03/2025,6.9,billable
TS03007,EMP015,PRJ010,2025-03-07,7.3,billable
TS03008,EMP003,PRJ024,2025-06-02,3.6,billable
TS03009,EMP008,PRJ006,11/03/2025,4.5,billable
TS03010,EMP019,PRJ004,2025-01-17,1.9,billable
TS03011,EMP010,PRJ029,05/08/2025,2.9,billable
TS03012,EMP004,PRJ021,12.12.2025,7.6,internal
TS03013,EMP004,PRJ006,20.10.2025,7.5,billable
TS03014,EMP010,PRJ026,2025-08-19,2.5,billable
TS03015,EMP011,PRJ032,27/09/2024,,billable
TS03016,EMP022,PRJ030,20.02.2024,6.4,internal
TS03017,EMP024,PRJ006,09.07.2025,2.9,internal
TS03018,EMP001,PRJ024,2025-03-18,4.4,billable
TS03019,EMP016,PRJ014,01/12/2025,1.9,billable
TS03020,EMP018,PRJ009,25/11/2024,2.7,billable
TS03021,EMP015,PRJ025,24/09/2025,7.0,billable
TS03022,EMP008,PRJ011,19.08.2024,6.0,internal
TS03023,EMP022,PRJ012,2024-01-23,5.0,billable
TS03024,EMP008,PRJ012,12/06/2025,3.0,billable
TS03025,EMP019,PRJ034,03.06.2024,7.2,billable
TS03026,EMP003,PRJ022,02/10/2024,5.8,billable
TS03027,EMP011,PRJ028,2025-08-05,5.8,billable
TS03028,EMP001,PRJ001,2025-02-06,6.5,internal
TS03029,EMP025,PRJ028,2025-10-02,6.1,billable
TS03030,EMP007,PRJ014,18.03.2024,3.9,billable
TS03031,EMP013,PRJ020,2025-05-06,1.2,internal
TS03032,EMP008,PRJ025,05.02.2024,3.3,billable
TS03033,EMP021,PRJ019,27/03/2024,6.1,billable
TS03034,EMP002,PRJ009,22/05/2025,2.9,billable
TS03035,EMP017,PRJ011,14.03.2025,4.2,billable
TS03036,EMP014,PRJ011,15/01/2024,6.9,billable
TS03037,EMP012,PRJ026,25/09/2024,7.6,billable
TS03038,EMP020,PRJ032,2025-10-23,5.1,billable
TS03039,EMP019,PRJ032,11.08.2025,6.9,billable
TS03040,EMP023,PRJ033,13/03/2025,1.2,billable
TS03041,EMP010,PRJ014,28/05/2024,6.8,internal
TS03042,EMP024,PRJ015,2025-08-27,2.8,billable
TS03043,EMP019,PRJ035,2025-10-28,1.5,internal
TS03044,EMP011,PRJ015,2024-09-16,1.1,billable
TS03045,EMP023,PRJ011,20.05.2024,7.4,internal
TS03046,EMP016,PRJ020,2024-06-25,6.8,internal
TS03047,EMP024,PRJ033,15.12.2025,4.4,internal
TS03048,EMP005,PRJ014,08/04/2025,4.7,billable
TS03049,EMP010,PRJ005,2025-02-03,4.7,billable
TS03050,EMP024,PRJ017,12/08/2025,5.5,billable
TS03051,EMP018,PRJ018,04.02.2025,1.2,billable
TS03052,EMP009,PRJ025,2024-07-16,7.2,billable
TS03053,EMP015,PRJ010,25.07.2024,3.8,billable
TS03054,EMP014,PRJ006,28/01/2025,3.8,billable
TS03055,EMP024,PRJ029,01/12/2025,4.5,internal
TS03056,EMP013,PRJ021,03/12/2024,6.3,billable
TS03057,EMP006,PRJ017,2025-04-28,4.0,billable
TS03058,EMP017,PRJ027,2025-06-27,7.0,billable
TS03059,EMP012,PRJ017,28/11/2024,1.7,billable
TS03060,EMP025,PRJ033,2025-08-25,5.3,internal
TS03061,EMP007,PRJ013,25/06/2025,3.8,
TS03062,EMP011,PRJ031,2024-02-12,6.1,billable
TS03063,EMP020,PRJ020,01.10.2024,2.1,billable
TS03064,EMP023,PRJ022,2024-02-19,4.8,billable
TS03065,EMP009,PRJ005,05.08.2024,2.9,billable
TS03066,EMP020,PRJ031,02.09.2025,4.4,internal
TS03067,EMP009,PRJ022,05/06/2024,4.9,billable
TS03068,EMP001,PRJ020,21/11/2024,7.4,billable
TS03069,EMP023,PRJ032,2024-11-04,7.9,internal
TS03070,EMP021,PRJ015,11/08/2025,2.8,billable
TS03071,EMP018,PRJ003,2024-05-23,5.6,billable
TS03072,EMP005,PRJ003,26.08.2024,7.8,billable
TS03073,EMP011,PRJ034,14/10/2024,5.3,internal
TS03074,EMP002,PRJ015,08/04/2024,4.9,billable
TS03075,EMP015,PRJ024,16.09.2025,3.6,internal
TS03076,EMP014,PRJ018,2025-12-04,4.7,billable
TS03077,EMP005,PRJ021,20.10.2025,4.6,billable
TS03078,EMP019,PRJ027,2024-06-11,2.7,internal
TS03079,EMP024,PRJ024,15/07/2025,3.6,billable
TS03080,EMP016,PRJ019,12/06/2025,,internal
TS03081,EMP013,PRJ012,27.08.2025,2.5,internal
TS03082,EMP017,PRJ006,2025-04-24,4.8,billable
TS03083,EMP011,PRJ020,2025-02-28,5.4,billable
TS03084,EMP008,PRJ009,16/04/2025,6.1,billable
TS03085,EMP019,PRJ002,04.06.2024,7.2,billable
TS03086,EMP023,PRJ028,19.11.2024,6.8,internal
TS03087,EMP002,PRJ018,22.04.2025,7.9,billable
TS03088,EMP015,PRJ027,23.05.2025,3.2,billable
TS03089,EMP018,PRJ035,01.10.2025,5.8,internal
TS03090,EMP012,PRJ005,26.11.2024,4.5,billable
TS03091,EMP020,PRJ025,20.06.2024,3.8,billable
TS03092,EMP014,PRJ014,2025-06-23,1.2,billable
TS03093,EMP005,PRJ016,2025-09-01,3.8,billable
TS03094,EMP020,PRJ002,09.10.2025,6.9,billable
TS03095,EMP005,PRJ035,2025-06-19,5.5,internal
TS03096,EMP001,PRJ032,08.01.2024,7.4,billable
TS03097,EMP015,PRJ009,12.08.2024,4.4,billable
TS03098,EMP008,PRJ015,08/10/2024,7.3,billable
TS03099,EMP015,PRJ003,05/09/2024,6.0,billable
TS03100,EMP014,PRJ034,20/08/2024,8.0,billable
TS03101,EMP016,PRJ029,29.08.2024,6.2,internal
TS03102,EMP011,PRJ022,16/12/2024,5.4,billable
TS03103,EMP012,PRJ009,21.10.2025,1.7,billable
TS03104,EMP017,PRJ018,30/12/2025,6.8,billable
TS03105,EMP007,PRJ007,19/03/2024,3.2,billable
TS03106,EMP023,PRJ007,05/06/2024,7.6,internal
TS03107,EMP018,PRJ029,26.04.2024,3.3,internal
TS03108,EMP019,PRJ029,2025-04-08,5.3,billable
TS03109,EMP025,PRJ018,31/12/2024,4.0,billable
TS03110,EMP010,PRJ002,27/08/2024,6.7,billable
TS03111,EMP003,PRJ028,13/08/2024,7.6,billable
TS03112,EMP022,PRJ014,01/05/2024,3.5,internal
TS03113,EMP020,PRJ010,11/11/2025,4.1,billable
TS03114,EMP007,PRJ003,21.05.2024,5.0,billable
TS03115,EMP010,PRJ011,20/08/2024,2.6,billable
TS03116,EMP003,PRJ023,03.10.2025,6.2,billable
TS03117,EMP015,PRJ014,05/11/2024,3.0,billable
TS03118,EMP024,PRJ008,19.12.2024,6.2,billable
TS03119,EMP021,PRJ032,01.10.2024,6.2,internal
TS03120,EMP001,PRJ022,2024-01-16,7.6,internal
TS03121,EMP019,PRJ005,2025-10-23,6.8,billable
TS03122,EMP009,PRJ031,30.01.2025,5.9,billable
TS03123,EMP023,PRJ032,2025-04-07,3.0,billable
TS03124,EMP005,PRJ035,2025-02-18,3.0,billable
TS03125,EMP001,PRJ010,10.03.2025,7.7,billable
TS03126,EMP019,PRJ025,2025-12-25,6.7,billable
TS03127,EMP004,PRJ025,2025-03-03,3.9,internal
TS03128,EMP013,PRJ016,2024-10-11,2.2,internal
TS03129,EMP005,PRJ009,27.11.2025,5.9,billable
TS03130,EMP007,PRJ029,11/03/2025,4.9,internal
TS03131,EMP004,PRJ031,08.04.2025,5.3,billable
TS03132,EMP004,PRJ018,2024-10-29,1.2,billable
TS03133,EMP015,PRJ020,10/02/2025,7.4,billable
TS03134,EMP002,PRJ008,2025-07-16,3.7,billable
TS03135,EMP019,PRJ023,20/10/2025,3.7,billable
TS03136,EMP021,PRJ012,12/05/2025,5.8,billable
TS03137,EMP002,PRJ002,09.08.2024,7.5,internal
TS03138,EMP024,PRJ022,2024-12-17,1.4,billable
TS03139,EMP009,PRJ019,02/12/2025,2.8,billable
TS03140,EMP018,PRJ015,2025-08-11,1.0,billable
TS03141,EMP012,PRJ018,22/01/2025,6.1,billable
TS03142,EMP007,PRJ010,01.01.2025,1.6,billable
TS03143,EMP019,PRJ021,2024-08-06,1.4,internal
TS03144,EMP010,PRJ016,2025-03-27,4.5,billable
TS03145,EMP017,PRJ024,29.05.2025,1.4,billable
TS03146,EMP003,PRJ020,2024-07-30,5.1,billable
TS03147,EMP018,PRJ027,2024-06-25,5.4,internal
TS03148,EMP018,PRJ030,09.04.2024,1.3,billable
TS03149,EMP005,PRJ022,10.04.2025,,billable
TS03150,EMP014,PRJ013,09/09/2024,7.5,billable
TS03151,EMP024,PRJ013,2024-01-15,3.8,billable
TS03152,EMP014,PRJ022,24.10.2025,5.8,
TS03153,EMP005,PRJ011,2024-10-22,6.2,billable
TS03154,EMP002,PRJ007,18.11.2024,1.5,billable
TS03155,EMP013,PRJ028,2024-09-12,2.4,billable
TS03156,EMP009,PRJ003,02.02.2024,7.9,billable
TS03157,EMP002,PRJ024,21.01.2025,2.0,billable
TS03158,EMP003,PRJ008,2024-07-31,2.8,billable
TS03159,EMP021,PRJ012,2025-01-07,2.3,billable
TS03160,EMP024,PRJ017,09/12/2024,6.8,billable
TS03161,EMP006,PRJ033,13.02.2025,3.1,internal
TS03162,EMP006,PRJ017,20/08/2025,4.6,billable
TS03163,EMP019,PRJ023,10.09.2024,4.1,billable
TS03164,EMP008,PRJ018,10/11/2025,5.0,billable
TS03165,EMP008,PRJ023,18.02.2025,6.8,billable
TS03166,EMP013,PRJ024,06/12/2024,4.9,billable
TS03167,EMP006,PRJ024,09.09.2024,7.1,billable
TS03168,EMP004,PRJ018,2025-04-29,6.5,billable
TS03169,EMP012,PRJ011,22/10/2024,7.1,internal
TS03170,EMP024,PRJ021,13.11.2025,2.6,billable
TS03171,EMP014,PRJ009,13/10/2025,7.2,billable
TS03172,EMP007,PRJ025,2025-05-20,7.5,billable
TS03173,EMP021,PRJ030,2025-10-22,5.9,billable
TS03174,EMP008,PRJ021,04/10/2024,2.5,billable
TS03175,EMP014,PRJ016,2025-11-17,5.0,billable
TS03176,EMP010,PRJ031,27.08.2025,5.5,billable
TS03177,EMP004,PRJ023,2024-08-19,5.7,billable
TS03178,EMP021,PRJ013,2025-12-12,4.2,billable
TS03179,EMP005,PRJ025,2024-03-01,4.3,billable
TS03180,EMP020,PRJ028,2025-05-08,7.7,internal
TS03181,EMP024,PRJ018,2025-08-12,2.5,billable
TS03182,EMP007,PRJ020,28/03/2025,3.8,billable
TS03183,EMP021,PRJ011,03/02/2025,6.9,billable
TS03184,EMP020,PRJ007,16.04.2025,2.0,internal
TS03185,EMP007,PRJ026,2025-08-11,2.8,internal
TS03186,EMP021,PRJ027,22.12.2025,7.4,billable
TS03187,EMP015,PRJ002,2025-02-25,5.8,billable
TS03188,EMP002,PRJ007,04.02.2025,1.8,billable
TS03189,EMP023,PRJ016,2025-08-04,5.2,billable
TS03190,EMP008,PRJ015,07.10.2024,7.8,billable
TS03191,EMP007,PRJ018,30.06.2025,6.6,billable
TS03192,EMP003,PRJ004,2024-03-13,7.1,billable
TS03193,EMP018,PRJ006,16.04.2024,3.8,internal
TS03194,EMP022,PRJ006,2024-01-26,1.3,billable
TS03195,EMP017,PRJ027,03.03.2025,7.5,billable
TS03196,EMP003,PRJ003,2024-09-09,3.0,billable
TS03197,EMP011,PRJ020,2025-07-22,2.8,billable
TS03198,EMP014,PRJ004,2025-12-15,4.3,internal
TS03199,EMP019,PRJ007,2024-07-29,7.4,billable
TS03200,EMP023,PRJ006,22.05.2025,1.8,internal
TS03201,EMP001,PRJ009,2024-11-06,7.3,billable
TS03202,EMP018,PRJ006,23.10.2024,1.6,billable
TS03203,EMP011,PRJ009,13.05.2025,7.5,billable
TS03204,EMP017,PRJ024,2025-05-19,3.7,internal
TS03205,EMP003,PRJ003,2025-10-14,4.5,billable
TS03206,EMP019,PRJ019,24/06/2024,2.7,billable
TS03207,EMP023,PRJ016,2024-03-25,7.4,billable
TS03208,EMP022,PRJ012,03/02/2025,1.5,billable
TS03209,EMP006,PRJ032,15.11.2024,7.3,billable
TS03210,EMP003,PRJ030,20/08/2025,4.8,billable
TS03211,EMP012,PRJ028,03.02.2025,5.2,billable
TS03212,EMP012,PRJ007,28/08/2025,7.9,billable
TS03213,EMP022,PRJ026,01/08/2024,3.6,internal
TS03214,EMP006,PRJ029,15/10/2025,6.1,billable
TS03215,EMP012,PRJ026,2025-01-10,1.2,billable
TS03216,EMP003,PRJ019,2025-10-31,7.4,
TS03217,EMP017,PRJ027,03.07.2024,2.8,internal
TS03218,EMP001,PRJ001,15.10.2025,7.9,billable
TS03219,EMP025,PRJ007,12/05/2025,1.9,billable
TS03220,EMP024,PRJ008,2024-05-06,3.5,internal
TS03221,EMP005,PRJ012,28.06.2024,4.9,billable
TS03222,EMP005,PRJ034,16.07.2024,,billable
TS03223,EMP003,PRJ003,2025-07-21,2.9,billable
TS03224,EMP004,PRJ008,09/09/2024,3.4,billable
TS03225,EMP015,PRJ010,2024-06-17,,billable
TS03226,EMP014,PRJ019,30/04/2024,5.5,internal
TS03227,EMP002,PRJ030,20.06.2025,2.7,
TS03228,EMP010,PRJ007,30/09/2025,3.0,internal
TS03229,EMP011,PRJ009,06.06.2025,6.3,billable
TS03230,EMP014,PRJ030,21.10.2024,6.1,billable
TS03231,EMP017,PRJ015,24/01/2024,3.7,internal
TS03232,EMP023,PRJ002,20.11.2025,8.0,billable
TS03233,EMP004,PRJ015,07/11/2025,5.3,internal
TS03234,EMP008,PRJ026,02/09/2025,5.0,billable
TS03235,EMP016,PRJ024,2025-08-29,5.0,billable
TS03236,EMP019,PRJ001,05.03.2025,5.2,billable
TS03237,EMP005,PRJ034,16/09/2025,6.6,billable
TS03238,EMP011,PRJ027,15/04/2025,2.7,billable
TS03239,EMP003,PRJ026,2024-11-21,2.0,billable
TS03240,EMP010,PRJ004,23.05.2024,3.5,billable
TS03241,EMP013,PRJ011,17/10/2025,5.3,billable
TS03242,EMP016,PRJ012,26.11.2024,6.6,internal
TS03243,EMP024,PRJ010,2024-09-13,2.2,billable
TS03244,EMP015,PRJ009,2024-11-11,1.8,billable
TS03245,EMP004,PRJ021,01.07.2025,3.4,billable
TS03246,EMP016,PRJ025,16/01/2024,2.1,billable
TS03247,EMP007,PRJ015,03.11.2025,2.0,internal
TS03248,EMP008,PRJ006,2024-11-25,5.5,internal
TS03249,EMP009,PRJ002,23.05.2024,5.2,billable
TS03250,EMP006,PRJ007,2025-05-12,3.1,billable
TS03251,EMP003,PRJ027,2025-04-22,4.8,internal
TS03252,EMP006,PRJ026,2025-01-28,5.2,billable
TS03253,EMP012,PRJ003,2024-08-08,1.8,billable
TS03254,EMP025,PRJ023,2024-01-08,2.3,billable
TS03255,EMP019,PRJ016,2025-10-20,2.7,billable
TS03256,EMP020,PRJ004,03.01.2024,1.4,billable
TS03257,EMP004,PRJ025,29.05.2024,2.3,billable
TS03258,EMP016,PRJ005,10.06.2025,6.2,billable
TS03259,EMP019,PRJ010,20/08/2024,1.0,internal
TS03260,EMP005,PRJ015,25/03/2024,7.7,billable
TS03261,EMP025,PRJ005,18.10.2024,3.3,billable
TS03262,EMP001,PRJ008,2025-09-23,3.1,internal
TS03263,EMP004,PRJ006,17/11/2025,4.2,billable
TS03264,EMP012,PRJ012,05/11/2025,4.3,internal
TS03265,EMP019,PRJ011,21/07/2025,1.6,billable
TS03266,EMP022,PRJ005,2025-10-01,1.4,billable
TS03267,EMP021,PRJ029,25.01.2024,3.7,internal
TS03268,EMP005,PRJ010,22/07/2024,5.8,billable
TS03269,EMP005,PRJ025,13.10.2025,4.6,billable
TS03270,EMP016,PRJ006,26/03/2024,3.0,billable
TS03271,EMP024,PRJ016,2025-04-09,6.8,internal
TS03272,EMP023,PRJ010,2024-09-06,5.9,billable
TS03273,EMP022,PRJ033,24/01/2025,3.7,billable
TS03274,EMP009,PRJ007,19.05.2025,5.6,billable
TS03275,EMP003,PRJ022,2024-08-05,7.4,billable
TS03276,EMP001,PRJ025,27/12/2024,2.1,billable
TS03277,EMP008,PRJ024,06/03/2024,6.6,billable
TS03278,EMP008,PRJ032,09/01/2025,5.7,billable
TS03279,EMP009,PRJ034,2025-03-27,4.6,billable
TS03280,EMP019,PRJ019,26/12/2025,3.6,billable
TS03281,EMP001,PRJ027,15/08/2025,1.9,billable
TS03282,EMP004,PRJ010,2025-11-19,1.4,billable
TS03283,EMP023,PRJ032,02/07/2024,5.2,billable
TS03284,EMP019,PRJ014,2024-09-20,5.8,billable
TS03285,EMP010,PRJ028,2025-11-03,3.6,billable
TS03286,EMP016,PRJ030,17.07.2025,7.9,billable
TS03287,EMP010,PRJ023,2025-05-19,6.1,billable
TS03288,EMP010,PRJ004,14.04.2025,1.2,billable
TS03289,EMP015,PRJ010,2024-09-05,2.4,billable
TS03290,EMP023,PRJ018,20/11/2024,1.4,internal
TS03291,EMP001,PRJ026,2024-07-22,3.8,billable
TS03292,EMP017,PRJ028,2024-07-24,1.0,billable
TS03293,EMP001,PRJ004,25/11/2025,4.6,billable
TS03294,EMP025,PRJ035,29/07/2024,2.4,internal
TS03295,EMP013,PRJ002,05.06.2025,2.2,internal
TS03296,EMP024,PRJ006,15/12/2025,2.4,billable
TS03297,EMP010,PRJ028,05/09/2025,1.9,billable
TS03298,EMP023,PRJ004,26.04.2024,7.1,billable
TS03299,EMP019,PRJ014,2025-01-20,1.3,billable
TS03300,EMP010,PRJ026,22.04.2024,4.3,internal
TS03301,EMP021,PRJ004,07.07.2025,7.1,billable
TS03302,EMP025,PRJ003,21/10/2024,2.8,billable
TS03303,EMP012,PRJ026,29.01.2025,7.3,billable
TS03304,EMP017,PRJ007,08/10/2024,4.6,billable
TS03305,EMP002,PRJ013,13/02/2024,5.4,billable
TS03306,EMP010,PRJ029,22.04.2024,4.4,internal
TS03307,EMP020,PRJ003,07.06.2024,7.2,internal
TS03308,EMP017,PRJ014,2025-05-12,5.9,billable
TS03309,EMP014,PRJ034,10/03/2025,1.8,billable
TS03310,EMP012,PRJ034,2024-07-25,5.6,billable
TS03311,EMP011,PRJ002,06/12/2024,7.8,billable
TS03312,EMP018,PRJ005,25.08.2025,3.4,billable
TS03313,EMP012,PRJ016,10.09.2024,5.0,billable
TS03314,EMP013,PRJ010,08/04/2024,4.3,internal
TS03315,EMP022,PRJ022,08/07/2025,6.7,internal
TS03316,EMP007,PRJ001,26/07/2024,1.0,internal
TS03317,EMP015,PRJ012,05.05.2025,6.3,billable
TS03318,EMP011,PRJ005,2025-10-15,3.6,billable
TS03319,EMP017,PRJ024,2024-11-05,4.0,internal
TS03320,EMP007,PRJ001,2025-07-02,7.4,internal
TS03321,EMP021,PRJ030,2024-08-19,4.9,billable
TS03322,EMP016,PRJ030,30/04/2024,1.8,internal
TS03323,EMP024,PRJ031,2025-10-30,4.5,billable
TS03324,EMP015,PRJ006,29.05.2024,1.5,internal
TS03325,EMP010,PRJ019,2025-05-15,2.5,billable
TS03326,EMP023,PRJ029,25.04.2025,1.7,billable
TS03327,EMP022,PRJ031,22/04/2024,3.6,billable
TS03328,EMP025,PRJ030,20.02.2025,3.1,billable
TS03329,EMP008,PRJ013,21.10.2024,6.5,billable
TS03330,EMP010,PRJ009,2025-11-21,3.7,billable
TS03331,EMP023,PRJ012,10/05/2024,6.9,billable
TS03332,EMP001,PRJ030,22.01.2024,3.5,billable
TS03333,EMP004,PRJ022,2025-05-19,6.5,billable
TS03334,EMP024,PRJ007,2024-02-14,1.5,billable
TS03335,EMP002,PRJ009,2025-02-14,3.4,billable
TS03336,EMP011,PRJ030,23/07/2025,7.4,billable
TS03337,EMP007,PRJ023,2025-05-20,7.3,billable
TS03338,EMP019,PRJ006,17.09.2024,3.7,internal
TS03339,EMP021,PRJ025,2024-10-17,5.8,billable
TS03340,EMP016,PRJ009,04.11.2025,3.9,billable
TS03341,EMP011,PRJ017,29/08/2025,7.3,internal
TS03342,EMP002,PRJ003,2025-12-08,7.2,billable
TS03343,EMP002,PRJ006,2024-11-07,5.7,billable
TS03344,EMP018,PRJ022,2024-10-15,2.5,billable
TS03345,EMP024,PRJ004,2025-10-22,5.9,billable
TS03346,EMP021,PRJ014,2025-01-27,5.2,internal
TS03347,EMP002,PRJ004,08.02.2024,5.1,billable
TS03348,EMP015,PRJ034,26/04/2024,6.1,internal
TS03349,EMP002,PRJ012,23/06/2025,5.5,internal
TS03350,EMP011,PRJ035,2025-09-08,6.3,billable
TS03351,EMP009,PRJ015,2025-10-10,4.1,billable
TS03352,EMP018,PRJ002,2025-06-10,6.5,billable
TS03353,EMP003,PRJ023,08.08.2025,3.1,billable
TS03354,EMP001,PRJ023,2024-08-13,1.5,internal
TS03355,EMP018,PRJ014,21.11.2025,6.5,billable
TS03356,EMP020,PRJ029,2025-09-25,4.5,internal
TS03357,EMP024,PRJ020,23/05/2024,5.7,billable
TS03358,EMP012,PRJ002,16/04/2024,3.8,billable
TS03359,EMP016,PRJ031,11.02.2025,7.1,billable
TS03360,EMP014,PRJ016,18.03.2025,4.8,internal
TS03361,EMP021,PRJ026,2025-10-17,2.1,internal
TS03362,EMP014,PRJ028,2025-04-01,4.6,billable
TS03363,EMP015,PRJ026,28/03/2024,7.6,internal
TS03364,EMP021,PRJ035,15.09.2025,1.0,billable
TS03365,EMP018,PRJ007,20/05/2024,3.3,billable
TS03366,EMP020,PRJ032,2025-01-24,3.1,billable
TS03367,EMP024,PRJ035,26.01.2024,3.2,internal
TS03368,EMP025,PRJ029,23/04/2024,7.2,internal
TS03369,EMP019,PRJ005,22/05/2024,5.1,internal
TS03370,EMP003,PRJ035,01/07/2025,4.1,billable
TS03371,EMP021,PRJ024,14/02/2024,1.0,billable
TS03372,EMP006,PRJ034,02/04/2025,4.9,internal
TS03373,EMP021,PRJ015,2025-10-21,1.1,
TS03374,EMP005,PRJ022,10/10/2025,1.1,billable
TS03375,EMP009,PRJ011,08.08.2025,6.3,billable
TS03376,EMP006,PRJ011,2024-08-20,7.0,billable
TS03377,EMP001,PRJ025,21/06/2024,7.2,billable
TS03378,EMP005,PRJ017,25/06/2024,7.3,billable
TS03379,EMP019,PRJ029,07.01.2025,2.7,internal
TS03380,EMP023,PRJ021,21.05.2025,7.2,billable
TS03381,EMP022,PRJ024,21/02/2025,5.7,internal
TS03382,EMP016,PRJ014,07/01/2025,5.5,billable
TS03383,EMP003,PRJ018,24.01.2025,5.6,internal
TS03384,EMP017,PRJ013,2025-11-13,6.2,billable
TS03385,EMP008,PRJ023,2025-11-03,4.8,billable
TS03386,EMP007,PRJ028,2025-02-05,6.8,billable
TS03387,EMP015,PRJ031,08.01.2025,4.7,billable
TS03388,EMP006,PRJ027,16.09.2025,4.9,billable
TS03389,EMP024,PRJ028,2025-09-03,5.8,internal
TS03390,EMP010,PRJ021,04.03.2024,3.5,billable
TS03391,EMP015,PRJ011,2024-01-09,1.4,billable
TS03392,EMP025,PRJ013,2025-08-05,1.3,billable
TS03393,EMP005,PRJ021,03.10.2024,5.4,internal
TS03394,EMP008,PRJ002,05/03/2024,4.0,billable
TS03395,EMP005,PRJ001,2024-11-05,7.9,billable
TS03396,EMP007,PRJ022,20/08/2024,7.2,billable
TS03397,EMP022,PRJ015,19/08/2024,6.3,billable
TS03398,EMP024,PRJ007,24.04.2024,2.0,billable
TS03399,EMP006,PRJ026,01/01/2025,2.3,billable
TS03400,EMP022,PRJ025,08.07.2024,6.6,billable
TS03401,EMP008,PRJ034,16/07/2024,4.9,billable
TS03402,EMP009,PRJ028,13.02.2024,6.6,internal
TS03403,EMP004,PRJ006,05/05/2025,5.7,internal
TS03404,EMP022,PRJ015,08/12/2025,4.2,billable
TS03405,EMP004,PRJ027,11/04/2025,2.4,billable
TS03406,EMP003,PRJ021,02.05.2025,3.6,billable
TS03407,EMP025,PRJ028,20/09/2024,7.2,billable
TS03408,EMP004,PRJ033,03.11.2025,4.1,billable
TS03409,EMP019,PRJ015,2024-03-26,5.2,billable
TS03410,EMP020,PRJ022,2024-03-18,4.1,billable
TS03411,EMP011,PRJ035,28.05.2024,7.4,billable
TS03412,EMP008,PRJ007,2024-06-26,7.7,billable
TS03413,EMP018,PRJ034,2024-02-09,3.2,billable
TS03414,EMP002,PRJ010,13/01/2025,5.3,billable
TS03415,EMP005,PRJ012,02/09/2024,1.7,billable
TS03416,EMP013,PRJ030,08.07.2024,5.2,billable
TS03417,EMP024,PRJ019,07.10.2025,2.8,internal
TS03418,EMP010,PRJ016,2025-03-24,7.2,billable
TS03419,EMP006,PRJ031,12/05/2025,1.8,
TS03420,EMP019,PRJ008,20/11/2025,7.6,billable
TS03421,EMP003,PRJ029,06/08/2024,7.0,billable
TS03422,EMP024,PRJ004,2025-05-30,4.4,internal
TS03423,EMP008,PRJ026,05/08/2025,7.3,internal
TS03424,EMP025,PRJ031,26.04.2024,6.4,billable
TS03425,EMP001,PRJ029,20.10.2025,3.0,internal
TS03426,EMP012,PRJ013,2024-02-27,2.8,billable
TS03427,EMP005,PRJ025,17.06.2025,2.7,billable
TS03428,EMP010,PRJ023,26/02/2024,2.2,billable
TS03429,EMP008,PRJ004,2024-10-07,1.1,internal
TS03430,EMP015,PRJ023,31.10.2024,5.4,billable
TS03431,EMP018,PRJ033,08.04.2024,1.3,internal
TS03432,EMP003,PRJ004,19/11/2024,1.7,billable
TS03433,EMP006,PRJ010,03.01.2024,1.7,billable
TS03434,EMP006,PRJ003,2025-07-17,6.2,billable
TS03435,EMP017,PRJ008,2025-10-14,3.9,billable
TS03436,EMP022,PRJ006,2025-10-28,7.6,billable
TS03437,EMP015,PRJ033,29/08/2025,5.9,billable
TS03438,EMP001,PRJ023,2024-05-14,1.6,billable
TS03439,EMP001,PRJ030,26/04/2024,4.0,billable
TS03440,EMP021,PRJ035,15/09/2025,3.2,
TS03441,EMP025,PRJ008,21.08.2025,6.3,billable
TS03442,EMP012,PRJ027,12/09/2025,4.3,billable
TS03443,EMP020,PRJ012,09/04/2025,4.0,billable
TS03444,EMP004,PRJ033,27/05/2025,3.9,billable
TS03445,EMP004,PRJ009,17/02/2025,6.4,billable
TS03446,EMP012,PRJ024,21.05.2025,2.5,billable
TS03447,EMP024,PRJ019,19.02.2024,2.2,billable
TS03448,EMP010,PRJ025,11/03/2024,3.1,internal
TS03449,EMP024,PRJ014,2024-01-01,3.1,billable
TS03450,EMP004,PRJ020,2024-06-27,5.4,billable
TS03451,EMP020,PRJ026,30/06/2025,6.2,billable
TS03452,EMP009,PRJ025,18/11/2024,3.6,internal
TS03453,EMP001,PRJ014,2025-01-21,4.9,
TS03454,EMP008,PRJ032,02/12/2025,5.2,billable
TS03455,EMP003,PRJ023,2025-08-13,7.8,billable
TS03456,EMP020,PRJ008,2025-11-10,5.5,billable
TS03457,EMP009,PRJ005,14.02.2024,7.4,billable
TS03458,EMP004,PRJ006,2025-07-10,4.2,billable
TS03459,EMP007,PRJ002,01.04.2024,4.8,billable
TS03460,EMP021,PRJ004,06.05.2025,3.3,billable
TS03461,EMP017,PRJ017,13.08.2025,4.3,billable
TS03462,EMP011,PRJ011,20/05/2024,1.7,billable
TS03463,EMP011,PRJ027,30.12.2024,4.6,billable
TS03464,EMP001,PRJ028,19.03.2024,4.4,billable
TS03465,EMP011,PRJ027,2024-09-06,1.7,billable
TS03466,EMP012,PRJ023,04/04/2025,6.7,billable
TS03467,EMP020,PRJ027,2024-08-13,4.4,billable
TS03468,EMP007,PRJ034,09.12.2025,6.0,billable
TS03469,EMP006,PRJ004,2024-04-26,6.3,billable
TS03470,EMP016,PRJ023,2024-07-12,6.6,billable
TS03471,EMP023,PRJ013,2025-03-07,7.4,internal
TS03472,EMP017,PRJ022,2024-10-01,5.0,internal
TS03473,EMP002,PRJ016,02.05.2025,5.7,billable
TS03474,EMP011,PRJ033,2024-08-20,3.4,billable
TS03475,EMP018,PRJ008,05.06.2024,4.4,billable
TS03476,EMP005,PRJ021,2024-12-16,1.7,internal
TS03477,EMP006,PRJ021,25.07.2025,7.2,billable
TS03478,EMP009,PRJ032,2025-03-07,7.3,internal
TS03479,EMP023,PRJ013,19.02.2025,6.7,billable
TS03480,EMP009,PRJ023,23.09.2024,1.7,billable
TS03481,EMP011,PRJ025,2024-08-12,6.4,billable
TS03482,EMP020,PRJ026,17.06.2025,5.6,billable
TS03483,EMP023,PRJ020,06/01/2025,7.2,billable
TS03484,EMP024,PRJ003,2025-07-29,7.9,billable
TS03485,EMP021,PRJ013,2024-12-02,5.6,internal
TS03486,EMP003,PRJ014,08/08/2024,7.7,billable
TS03487,EMP005,PRJ008,2025-05-05,5.6,billable
TS03488,EMP005,PRJ011,23/10/2025,2.2,internal
TS03489,EMP024,PRJ015,2024-03-05,3.9,internal
TS03490,EMP010,PRJ001,08/04/2024,7.2,billable
TS03491,EMP025,PRJ018,2024-06-10,5.7,billable
TS03492,EMP025,PRJ024,08/01/2024,5.9,billable
TS03493,EMP003,PRJ008,2025-11-17,6.2,billable
TS03494,EMP009,PRJ001,19/09/2025,6.6,billable
TS03495,EMP018,PRJ005,16.07.2024,4.3,billable
TS03496,EMP003,PRJ004,2025-06-04,7.4,billable
TS03497,EMP003,PRJ002,20.10.2025,2.4,billable
TS03498,EMP019,PRJ012,06/02/2024,5.4,billable
TS03499,EMP019,PRJ028,08/09/2025,2.2,billable
TS03500,EMP003,PRJ017,05.04.2024,6.8,billable
TS03501,EMP022,PRJ002,30/09/2025,6.6,internal
TS03502,EMP005,PRJ019,03.01.2024,3.6,billable
TS03503,EMP007,PRJ013,2024-11-05,5.7,billable
TS03504,EMP016,PRJ024,16/04/2024,7.6,billable
TS03505,EMP024,PRJ003,03/06/2025,4.0,internal
TS03506,EMP018,PRJ012,27.01.2025,7.6,internal
TS03507,EMP009,PRJ014,16/12/2024,6.7,billable
TS03508,EMP018,PRJ034,30/09/2025,7.9,billable
TS03509,EMP008,PRJ028,11/09/2025,7.1,billable
TS03510,EMP016,PRJ026,02.12.2024,,billable
TS03511,EMP025,PRJ022,07/10/2024,2.0,billable
TS03512,EMP010,PRJ026,13/11/2025,3.6,internal
TS03513,EMP019,PRJ017,14/04/2025,1.1,billable
TS03514,EMP001,PRJ028,21.08.2025,1.4,internal
TS03515,EMP001,PRJ014,20.06.2025,2.8,internal
TS03516,EMP011,PRJ026,06.05.2025,6.8,billable
TS03517,EMP003,PRJ035,2025-06-03,4.0,billable
TS03518,EMP009,PRJ012,30/07/2024,3.0,billable
TS03519,EMP014,PRJ034,03/12/2024,1.1,internal
TS03520,EMP021,PRJ022,2025-02-24,3.9,billable
TS03521,EMP005,PRJ017,01/07/2024,6.6,billable
TS03522,EMP006,PRJ022,2025-04-01,1.9,internal
TS03523,EMP022,PRJ016,07/07/2025,3.3,billable
TS03524,EMP013,PRJ020,10/06/2025,7.9,billable
TS03525,EMP021,PRJ019,11.08.2025,2.7,billable
TS03526,EMP007,PRJ021,2025-06-10,3.5,billable
TS03527,EMP025,PRJ010,25/03/2025,4.8,billable
TS03528,EMP021,PRJ014,02.01.2024,6.3,billable
TS03529,EMP023,PRJ032,15/04/2025,3.5,billable
TS03530,EMP011,PRJ027,30/05/2024,1.4,billable
TS03531,EMP010,PRJ014,07.10.2025,5.2,billable
TS03532,EMP008,PRJ015,2024-04-17,4.8,billable
TS03533,EMP022,PRJ027,2024-04-02,4.3,internal
TS03534,EMP004,PRJ029,04/11/2024,3.0,billable
TS03535,EMP014,PRJ009,03.02.2025,2.7,billable
TS03536,EMP020,PRJ032,22/05/2025,2.9,billable
TS03537,EMP021,PRJ016,2024-10-21,6.9,billable
TS03538,EMP015,PRJ030,2024-09-16,7.1,internal
TS03539,EMP018,PRJ031,2024-10-15,1.2,internal
TS03540,EMP015,PRJ023,2024-03-25,3.2,billable
TS03541,EMP025,PRJ031,31.07.2024,5.6,billable
TS03542,EMP021,PRJ003,07/08/2025,7.0,billable
TS03543,EMP017,PRJ010,04/09/2024,6.2,billable
TS03544,EMP011,PRJ028,2025-01-09,2.7,internal
TS03545,EMP014,PRJ028,02.02.2024,5.4,internal
TS03546,EMP002,PRJ017,22.04.2025,1.2,internal
TS03547,EMP008,PRJ020,21/08/2025,7.9,billable
TS03548,EMP025,PRJ033,04/08/2025,5.1,billable
TS03549,EMP004,PRJ021,29/05/2025,2.5,internal
TS03550,EMP024,PRJ020,28.04.2025,4.1,internal
TS03551,EMP017,PRJ032,17.11.2025,1.0,billable
TS03552,EMP021,PRJ025,2025-07-14,7.2,billable
TS03553,EMP012,PRJ026,2024-12-17,7.8,billable
TS03554,EMP009,PRJ011,19.12.2025,2.6,billable
TS03555,EMP016,PRJ028,21/10/2024,7.0,billable
TS03556,EMP014,PRJ012,2024-06-10,1.5,billable
TS03557,EMP013,PRJ025,2024-02-05,3.2,billable
TS03558,EMP003,PRJ017,2025-04-09,6.1,billable
TS03559,EMP010,PRJ009,03/01/2024,2.3,billable
TS03560,EMP024,PRJ011,2024-08-19,6.5,billable
TS03561,EMP018,PRJ027,27/02/2025,3.2,internal
TS03562,EMP003,PRJ014,2025-01-10,1.5,billable
TS03563,EMP007,PRJ018,2025-03-04,6.4,billable
TS03564,EMP017,PRJ035,08/01/2025,5.5,billable
TS03565,EMP020,PRJ004,14.08.2025,4.7,billable
TS03566,EMP006,PRJ025,2024-12-04,3.5,billable
TS03567,EMP020,PRJ012,2024-08-08,4.8,internal
TS03568,EMP025,PRJ006,14.07.2025,7.2,internal
TS03569,EMP018,PRJ005,2024-09-23,7.1,billable
TS03570,EMP006,PRJ020,11/06/2024,1.7,billable
TS03571,EMP008,PRJ004,2025-08-26,6.1,billable
TS03572,EMP007,PRJ019,02/04/2024,7.9,billable
TS03573,EMP011,PRJ023,2025-01-06,2.4,billable
TS03574,EMP002,PRJ020,2024-10-30,1.1,billable
TS03575,EMP002,PRJ027,06/01/2025,5.3,billable
TS03576,EMP023,PRJ028,02/09/2024,6.2,billable
TS03577,EMP006,PRJ007,24.05.2024,3.8,billable
TS03578,EMP014,PRJ020,01.12.2025,1.6,billable
TS03579,EMP004,PRJ025,2025-10-20,3.7,billable
TS03580,EMP023,PRJ034,2025-10-13,1.9,billable
TS03581,EMP018,PRJ010,2025-03-03,6.8,internal
TS03582,EMP016,PRJ023,15/10/2025,3.8,billable
TS03583,EMP013,PRJ010,01/02/2024,4.7,billable
TS03584,EMP003,PRJ001,12.01.2024,3.4,billable
TS03585,EMP021,PRJ023,19.05.2025,1.9,billable
TS03586,EMP006,PRJ010,01/02/2024,1.3,billable
TS03587,EMP011,PRJ032,13/05/2024,2.8,billable
TS03588,EMP012,PRJ006,2024-10-29,3.3,internal
TS03589,EMP021,PRJ002,24.12.2025,7.5,internal
TS03590,EMP002,PRJ019,2025-07-21,1.2,internal
TS03591,EMP012,PRJ020,05/05/2025,2.8,internal
TS03592,EMP011,PRJ003,18.08.2025,1.2,internal
TS03593,EMP017,PRJ022,2025-03-24,3.7,billable
TS03594,EMP011,PRJ023,17.03.2025,6.6,billable
TS03595,EMP017,PRJ029,27.01.2025,3.4,billable
TS03596,EMP007,PRJ025,2025-11-05,7.7,billable
TS03597,EMP019,PRJ002,2024-04-02,,internal
TS03598,EMP009,PRJ031,2025-08-26,2.9,internal
TS03599,EMP007,PRJ033,18.01.2024,2.5,billable
TS03600,EMP017,PRJ021,10.09.2024,4.9,internal
TS03601,EMP023,PRJ008,2024-09-24,4.2,billable
TS03602,EMP015,PRJ009,2025-07-28,2.7,billable
TS03603,EMP007,PRJ004,31.07.2025,3.3,billable
TS03604,EMP018,PRJ017,06.06.2025,6.3,billable
TS03605,EMP011,PRJ025,2025-12-08,5.6,billable
TS03606,EMP022,PRJ035,10.11.2025,2.3,internal
TS03607,EMP001,PRJ008,2025-06-23,2.5,billable
TS03608,EMP017,PRJ022,13/03/2025,4.7,billable
TS03609,EMP016,PRJ033,19/01/2024,5.3,billable
TS03610,EMP009,PRJ018,11/08/2025,3.3,billable
TS03611,EMP021,PRJ013,26/03/2024,7.6,billable
TS03612,EMP020,PRJ011,30.05.2025,5.9,billable
TS03613,EMP003,PRJ005,23/12/2025,5.5,internal
TS03614,EMP006,PRJ028,01.04.2025,3.3,billable
TS03615,EMP020,PRJ032,10.03.2025,2.8,billable
TS03616,EMP003,PRJ023,20.10.2025,4.1,internal
TS03617,EMP014,PRJ016,2024-01-09,7.4,billable
TS03618,EMP006,PRJ004,2024-04-22,3.8,billable
TS03619,EMP019,PRJ031,29/10/2025,5.5,billable
TS03620,EMP025,PRJ035,2024-08-08,3.1,billable
TS03621,EMP002,PRJ034,2024-09-17,4.1,billable
TS03622,EMP002,PRJ018,09/01/2024,6.6,billable
TS03623,EMP011,PRJ015,25.03.2025,6.2,billable
TS03624,EMP016,PRJ007,2024-12-20,3.3,billable
TS03625,EMP013,PRJ003,23/09/2025,7.2,billable
TS03626,EMP013,PRJ009,22.05.2025,2.0,billable
TS03627,EMP010,PRJ005,19.04.2024,5.2,billable
TS03628,EMP015,PRJ010,2025-05-28,3.6,billable
TS03629,EMP011,PRJ014,24/07/2025,2.7,billable
TS03630,EMP018,PRJ009,01/04/2024,7.4,billable
TS03631,EMP012,PRJ026,06.05.2025,5.5,billable
TS03632,EMP020,PRJ002,07.05.2025,6.8,billable
TS03633,EMP020,PRJ033,2024-03-07,4.2,billable
TS03634,EMP009,PRJ020,2024-04-08,6.6,billable
TS03635,EMP014,PRJ018,26.09.2025,4.8,billable
TS03636,EMP021,PRJ022,11/11/2025,5.0,billable
TS03637,EMP011,PRJ003,07.05.2025,1.1,billable
TS03638,EMP023,PRJ014,15/10/2025,6.8,billable
TS03639,EMP004,PRJ022,2025-02-24,6.6,billable
TS03640,EMP009,PRJ004,2025-05-13,3.8,internal
TS03641,EMP007,PRJ024,2025-09-01,4.2,billable
TS03642,EMP011,PRJ017,18/04/2025,4.2,billable
TS03643,EMP022,PRJ005,2025-11-06,2.8,billable
TS03644,EMP015,PRJ033,10/12/2024,3.8,billable
TS03645,EMP021,PRJ032,12.11.2024,1.7,billable
TS03646,EMP022,PRJ021,04/06/2024,2.7,billable
TS03647,EMP001,PRJ023,12/05/2025,6.2,billable
TS03648,EMP021,PRJ027,18.02.2025,1.3,internal
TS03649,EMP021,PRJ008,17.07.2024,3.9,billable
TS03650,EMP021,PRJ020,2025-04-01,1.0,billable
TS03651,EMP015,PRJ007,17.09.2024,6.1,billable
TS03652,EMP023,PRJ016,24/10/2024,1.9,billable
TS03653,EMP017,PRJ014,26/05/2025,7.6,billable
TS03654,EMP007,PRJ025,15.04.2024,1.1,billable
TS03655,EMP002,PRJ007,24/03/2025,6.2,internal
TS03656,EMP019,PRJ003,2025-05-15,4.8,billable
TS03657,EMP022,PRJ007,11.02.2025,7.3,billable
TS03658,EMP025,PRJ016,11.11.2025,4.8,internal
TS03659,EMP008,PRJ023,2024-07-23,6.5,billable
TS03660,EMP012,PRJ034,02/09/2025,3.9,billable
TS03661,EMP007,PRJ018,28/03/2024,7.8,billable
TS03662,EMP020,PRJ001,19/03/2024,2.9,billable
TS03663,EMP016,PRJ020,23.09.2025,2.6,billable
TS03664,EMP023,PRJ027,28.03.2025,6.4,internal
TS03665,EMP007,PRJ001,11.11.2025,1.4,billable
TS03666,EMP021,PRJ028,2025-01-08,4.9,billable
TS03667,EMP011,PRJ012,18/11/2025,3.9,internal
TS03668,EMP023,PRJ005,24.05.2024,7.2,internal
TS03669,EMP004,PRJ006,2024-05-09,5.7,internal
TS03670,EMP006,PRJ021,2024-06-11,6.6,billable
TS03671,EMP018,PRJ010,09/12/2024,6.7,internal
TS03672,EMP015,PRJ017,06/10/2025,5.4,billable
TS03673,EMP022,PRJ021,15.10.2024,3.0,billable
TS03674,EMP018,PRJ022,2024-03-28,2.5,internal
TS03675,EMP011,PRJ010,29.02.2024,2.4,internal
TS03676,EMP007,PRJ029,17.03.2025,4.6,internal
TS03677,EMP016,PRJ006,2024-09-23,3.7,billable
TS03678,EMP017,PRJ016,2024-07-22,2.7,billable
TS03679,EMP015,PRJ011,2025-07-08,2.4,
TS03680,EMP025,PRJ026,25.10.2024,4.3,billable
TS03681,EMP022,PRJ031,21/03/2025,1.8,billable
TS03682,EMP012,PRJ001,2025-05-09,3.9,billable
TS03683,EMP004,PRJ032,30.05.2024,1.3,billable
TS03684,EMP010,PRJ007,2025-05-28,3.7,billable
TS03685,EMP006,PRJ025,31/10/2024,5.6,internal
TS03686,EMP004,PRJ006,14.02.2025,1.3,billable
TS03687,EMP001,PRJ025,13.09.2024,6.6,billable
TS03688,EMP021,PRJ001,22.08.2024,3.1,billable
TS03689,EMP020,PRJ029,02.12.2025,1.4,billable
TS03690,EMP004,PRJ013,10/02/2025,8.0,billable
TS03691,EMP009,PRJ012,2024-04-30,7.7,internal
TS03692,EMP013,PRJ009,2024-12-17,7.7,billable
TS03693,EMP019,PRJ002,17/07/2025,6.0,billable
TS03694,EMP020,PRJ015,2024-07-22,6.4,billable
TS03695,EMP007,PRJ006,05/01/2024,3.9,billable
TS03696,EMP011,PRJ017,21.01.2025,5.0,internal
TS03697,EMP006,PRJ006,2024-11-07,1.3,internal
TS03698,EMP007,PRJ006,08.08.2025,3.3,billable
TS03699,EMP019,PRJ001,13.08.2024,3.4,internal
TS03700,EMP016,PRJ006,12/05/2025,5.9,billable
TS03701,EMP002,PRJ020,18.03.2024,1.9,internal
TS03702,EMP013,PRJ017,07.07.2025,6.7,internal
TS03703,EMP008,PRJ029,29.01.2025,4.9,billable
TS03704,EMP015,PRJ030,14/11/2025,4.0,billable
TS03705,EMP021,PRJ030,2025-11-25,5.4,internal
TS03706,EMP008,PRJ003,21/08/2024,2.6,billable
TS03707,EMP015,PRJ022,26/05/2025,,billable
TS03708,EMP018,PRJ018,30.06.2025,7.0,billable
TS03709,EMP007,PRJ008,2025-07-08,1.6,billable
TS03710,EMP006,PRJ031,22.02.2024,4.2,internal
TS03711,EMP019,PRJ020,2025-05-05,3.9,billable
TS03712,EMP019,PRJ031,05/02/2025,3.1,billable
TS03713,EMP011,PRJ030,2024-06-04,4.6,internal
TS03714,EMP007,PRJ019,03.06.2025,3.4,internal
TS03715,EMP001,PRJ033,23/09/2024,7.7,billable
TS03716,EMP014,PRJ025,27.08.2025,6.1,billable
TS03717,EMP007,PRJ034,15/05/2024,7.5,internal
TS03718,EMP015,PRJ029,2025-04-14,4.1,billable
TS03719,EMP019,PRJ027,27.05.2024,3.6,billable
TS03720,EMP025,PRJ029,12/03/2024,5.7,billable
TS03721,EMP004,PRJ009,21.07.2025,5.2,billable
TS03722,EMP021,PRJ011,21.10.2024,2.4,billable
TS03723,EMP005,PRJ014,23/09/2025,5.1,billable
TS03724,EMP023,PRJ002,21.01.2025,5.0,internal
TS03725,EMP013,PRJ023,03.11.2025,1.9,billable
TS03726,EMP005,PRJ020,02/04/2024,2.0,billable
TS03727,EMP013,PRJ017,16/09/2024,4.7,internal
TS03728,EMP011,PRJ016,19.04.2024,1.8,billable
TS03729,EMP012,PRJ023,2024-11-14,7.3,billable
TS03730,EMP014,PRJ020,15/05/2024,3.6,internal
TS03731,EMP014,PRJ034,2025-10-14,7.7,billable
TS03732,EMP024,PRJ009,21/06/2024,1.9,internal
TS03733,EMP020,PRJ021,2025-07-29,3.8,billable
TS03734,EMP022,PRJ009,08/07/2025,6.7,billable
TS03735,EMP016,PRJ013,17/12/2025,1.5,internal
TS03736,EMP006,PRJ008,30/04/2025,7.4,billable
TS03737,EMP008,PRJ013,08/07/2024,4.8,
TS03738,EMP023,PRJ003,02.07.2024,4.7,billable
TS03739,EMP005,PRJ011,23.12.2025,5.6,billable
TS03740,EMP012,PRJ018,11.03.2024,3.8,billable
TS03741,EMP003,PRJ004,02/10/2024,3.8,billable
TS03742,EMP025,PRJ007,30.12.2024,2.2,billable
TS03743,EMP002,PRJ015,11/02/2025,1.4,billable
TS03744,EMP007,PRJ013,16/01/2024,5.0,billable
TS03745,EMP018,PRJ014,11/02/2025,4.7,billable
TS03746,EMP009,PRJ022,2025-04-01,7.8,billable
TS03747,EMP024,PRJ035,16.12.2024,4.5,billable
TS03748,EMP002,PRJ007,04/08/2025,4.0,billable
TS03749,EMP005,PRJ023,18.03.2024,5.0,billable
TS03750,EMP012,PRJ009,02.09.2024,,billable
TS03751,EMP009,PRJ013,05.05.2025,5.1,billable
TS03752,EMP021,PRJ024,2024-11-26,6.7,billable
TS03753,EMP003,PRJ019,09/09/2025,2.2,billable
TS03754,EMP010,PRJ008,13/11/2024,7.4,billable
TS03755,EMP006,PRJ025,13.05.2024,3.4,billable
TS03756,EMP010,PRJ031,07/04/2025,2.6,internal
TS03757,EMP006,PRJ017,31.10.2024,2.3,billable
TS03758,EMP020,PRJ030,17/06/2025,4.5,billable
TS03759,EMP013,PRJ020,16.08.2024,7.3,internal
TS03760,EMP019,PRJ004,2024-08-19,2.9,billable
TS03761,EMP016,PRJ027,21.02.2024,5.4,billable
TS03762,EMP014,PRJ023,09/05/2025,2.6,billable
TS03763,EMP023,PRJ009,2024-05-08,3.6,billable
TS03764,EMP008,PRJ004,01/09/2025,6.3,billable
TS03765,EMP002,PRJ007,2025-11-26,3.3,billable
TS03766,EMP015,PRJ012,05/07/2024,3.8,internal
TS03767,EMP014,PRJ001,2024-01-12,5.4,billable
TS03768,EMP007,PRJ022,17/09/2025,4.7,billable
TS03769,EMP019,PRJ035,14.10.2025,2.7,internal
TS03770,EMP022,PRJ027,2025-12-11,4.4,billable
TS03771,EMP020,PRJ002,2024-06-21,2.2,internal
TS03772,EMP025,PRJ016,2025-02-18,3.3,billable
TS03773,EMP019,PRJ003,23/12/2025,7.8,billable
TS03774,EMP021,PRJ020,2024-11-04,2.0,billable
TS03775,EMP011,PRJ017,05/11/2025,7.6,billable
TS03776,EMP013,PRJ032,2025-09-05,2.0,billable
TS03777,EMP012,PRJ018,2025-08-07,2.6,billable
TS03778,EMP001,PRJ018,25.11.2024,7.0,billable
TS03779,EMP023,PRJ023,2024-06-27,4.6,billable
TS03780,EMP017,PRJ007,2024-08-14,2.7,internal
TS03781,EMP022,PRJ014,21/02/2024,2.3,billable
TS03782,EMP010,PRJ031,16/09/2024,1.2,billable
TS03783,EMP006,PRJ004,2024-09-04,2.6,billable
TS03784,EMP005,PRJ021,2024-04-08,6.7,billable
TS03785,EMP018,PRJ032,27/02/2024,6.6,internal
TS03786,EMP009,PRJ010,04.06.2024,7.3,internal
TS03787,EMP010,PRJ005,21/03/2024,5.2,billable
TS03788,EMP008,PRJ033,2024-02-06,7.6,internal
TS03789,EMP024,PRJ023,22.01.2024,3.4,billable
TS03790,EMP009,PRJ005,23/09/2025,6.0,billable
TS03791,EMP011,PRJ023,23/05/2025,7.6,internal
TS03792,EMP017,PRJ009,11/10/2024,3.9,billable
TS03793,EMP003,PRJ035,03/11/2025,3.6,internal
TS03794,EMP025,PRJ001,2025-04-14,4.1,billable
TS03795,EMP020,PRJ025,27/05/2025,6.7,billable
TS03796,EMP003,PRJ020,15/07/2024,5.8,billable
TS03797,EMP002,PRJ003,23/04/2024,1.3,internal
TS03798,EMP024,PRJ014,08.09.2025,2.0,internal
TS03799,EMP020,PRJ014,09/02/2024,3.0,internal
TS03800,EMP008,PRJ034,26.04.2024,3.9,billable
TS03801,EMP017,PRJ023,06/03/2025,7.5,billable
TS03802,EMP013,PRJ022,2025-02-13,6.3,billable
TS03803,EMP002,PRJ001,2025-05-05,7.6,billable
TS03804,EMP018,PRJ008,20/11/2025,5.7,internal
TS03805,EMP007,PRJ023,2025-03-06,3.0,billable
TS03806,EMP001,PRJ035,15/08/2024,1.3,billable
TS03807,EMP020,PRJ024,15/04/2024,5.5,billable
TS03808,EMP015,PRJ006,2024-09-23,3.7,billable
TS03809,EMP017,PRJ027,07/04/2025,3.6,internal
TS03810,EMP003,PRJ028,07.11.2024,3.5,billable
TS03811,EMP013,PRJ014,06.11.2024,2.7,internal
TS03812,EMP015,PRJ014,2025-08-25,7.5,billable
TS03813,EMP012,PRJ028,05/12/2024,6.3,billable
TS03814,EMP008,PRJ002,24.11.2025,2.4,billable
TS03815,EMP006,PRJ027,22.04.2024,3.6,billable
TS03816,EMP005,PRJ017,11/11/2025,1.4,internal
TS03817,EMP002,PRJ022,29.10.2024,5.1,billable
TS03818,EMP019,PRJ014,04/08/2025,6.9,billable
TS03819,EMP005,PRJ020,2025-01-21,1.7,billable
TS03820,EMP008,PRJ034,2024-08-13,6.4,billable
TS03821,EMP011,PRJ011,2025-09-23,3.2,internal
TS03822,EMP009,PRJ007,24.03.2025,7.9,billable
TS03823,EMP014,PRJ025,2024-06-05,4.6,billable
TS03824,EMP013,PRJ011,28/05/2024,3.4,billable
TS03825,EMP006,PRJ009,12/09/2024,1.3,billable
TS03826,EMP015,PRJ029,16/04/2024,2.3,billable
TS03827,EMP009,PRJ007,12.06.2025,7.0,billable
TS03828,EMP003,PRJ027,2025-02-18,4.0,billable
TS03829,EMP005,PRJ032,23/06/2025,4.9,internal
TS03830,EMP018,PRJ025,17/07/2024,3.9,billable
TS03831,EMP018,PRJ019,2024-11-06,3.1,billable
TS03832,EMP018,PRJ010,2024-09-16,4.8,internal
TS03833,EMP015,PRJ016,2025-04-18,1.5,billable
TS03834,EMP004,PRJ035,02/02/2024,5.9,billable
TS03835,EMP009,PRJ008,10/09/2025,6.3,
TS03836,EMP009,PRJ030,04.04.2024,7.1,billable
TS03837,EMP019,PRJ009,18.11.2024,6.9,billable
TS03838,EMP010,PRJ032,2025-02-25,4.9,billable
TS03839,EMP008,PRJ017,2024-03-21,3.0,billable
TS03840,EMP018,PRJ007,2024-11-15,1.1,internal
TS03841,EMP011,PRJ008,31/03/2025,7.1,billable
TS03842,EMP012,PRJ027,2024-01-02,5.0,billable
TS03843,EMP015,PRJ007,30.10.2024,5.6,billable
TS03844,EMP004,PRJ017,30/12/2024,6.3,billable
TS03845,EMP005,PRJ030,03/12/2024,5.6,billable
TS03846,EMP009,PRJ002,15/08/2024,2.5,internal
TS03847,EMP019,PRJ034,2025-04-07,1.0,internal
TS03848,EMP013,PRJ019,01/04/2024,2.3,billable
TS03849,EMP001,PRJ015,20/06/2024,4.0,internal
TS03850,EMP021,PRJ003,2024-12-24,4.4,internal
TS03851,EMP003,PRJ002,30/06/2025,5.2,billable
TS03852,EMP011,PRJ015,2025-02-11,1.3,internal
TS03853,EMP017,PRJ026,22/04/2025,5.2,internal
TS03854,EMP017,PRJ018,2025-06-04,2.8,billable
TS03855,EMP004,PRJ002,26/02/2024,7.4,
TS03856,EMP016,PRJ015,31/10/2025,4.4,billable
TS03857,EMP002,PRJ029,2025-06-24,1.7,internal
TS03858,EMP025,PRJ028,2024-02-23,7.9,billable
TS03859,EMP010,PRJ019,29/03/2024,7.6,internal
TS03860,EMP009,PRJ015,27/08/2024,2.6,billable
TS03861,EMP023,PRJ022,2025-01-20,7.6,billable
TS03862,EMP007,PRJ015,2025-01-03,2.7,billable
TS03863,EMP019,PRJ012,2025-01-28,5.4,internal
TS03864,EMP024,PRJ031,27/10/2025,6.8,billable
TS03865,EMP010,PRJ028,12/12/2025,7.4,billable
TS03866,EMP007,PRJ023,24.06.2025,3.6,billable
TS03867,EMP016,PRJ025,22.07.2025,4.2,billable
TS03868,EMP008,PRJ018,13/08/2025,2.4,billable
TS03869,EMP002,PRJ028,2024-01-09,3.6,billable
TS03870,EMP011,PRJ030,2025-09-16,1.9,internal
TS03871,EMP013,PRJ013,14/01/2025,6.3,billable
TS03872,EMP023,PRJ029,16.01.2024,1.7,billable
TS03873,EMP001,PRJ015,2025-09-05,6.0,billable
TS03874,EMP004,PRJ035,2025-02-10,3.8,billable
TS03875,EMP021,PRJ004,03/12/2024,,internal
TS03876,EMP022,PRJ006,2024-04-23,5.7,billable
TS03877,EMP014,PRJ005,22/08/2025,4.2,billable
TS03878,EMP021,PRJ033,2024-03-26,2.0,
TS03879,EMP018,PRJ033,23/05/2024,5.6,billable
TS03880,EMP019,PRJ004,27.11.2025,5.8,internal
TS03881,EMP016,PRJ009,2024-07-22,5.7,billable
TS03882,EMP004,PRJ032,25.11.2025,7.2,internal
TS03883,EMP012,PRJ021,2025-03-05,1.5,billable
TS03884,EMP005,PRJ009,22.01.2024,3.9,internal
TS03885,EMP010,PRJ008,07.05.2025,3.7,billable
TS03886,EMP001,PRJ010,15.07.2024,3.9,internal
TS03887,EMP014,PRJ033,12.07.2024,3.2,billable
TS03888,EMP014,PRJ018,16.01.2024,6.9,billable
TS03889,EMP024,PRJ015,05.11.2025,2.3,billable
TS03890,EMP013,PRJ030,2024-04-16,2.2,internal
TS03891,EMP020,PRJ021,18.06.2024,7.6,billable
TS03892,EMP010,PRJ034,14.10.2024,6.3,billable
TS03893,EMP024,PRJ035,2025-03-21,4.6,internal
TS03894,EMP008,PRJ015,19.02.2024,4.0,billable
TS03895,EMP016,PRJ031,28/03/2024,6.9,billable
TS03896,EMP023,PRJ004,2025-10-17,7.4,billable
TS03897,EMP020,PRJ004,24.06.2024,7.5,billable
TS03898,EMP009,PRJ025,2024-08-29,4.3,billable
TS03899,EMP013,PRJ002,09/08/2024,2.0,billable
TS03900,EMP006,PRJ021,18/12/2024,5.6,billable
TS03901,EMP015,PRJ013,08.09.2025,6.8,internal
TS03902,EMP019,PRJ010,2024-09-17,6.0,billable
TS03903,EMP007,PRJ026,11/04/2025,1.1,billable
TS03904,EMP021,PRJ030,17.03.2025,1.7,billable
TS03905,EMP007,PRJ014,01/02/2024,6.6,billable
TS03906,EMP024,PRJ033,17.12.2025,2.0,internal
TS03907,EMP005,PRJ033,2025-04-22,2.6,internal
TS03908,EMP016,PRJ034,23/06/2025,2.4,billable
TS03909,EMP012,PRJ019,11/07/2025,3.4,billable
TS03910,EMP015,PRJ002,17/07/2025,3.1,billable
TS03911,EMP022,PRJ011,2025-05-16,5.3,billable
TS03912,EMP006,PRJ021,2024-12-27,3.3,
TS03913,EMP003,PRJ003,09.06.2025,1.8,billable
TS03914,EMP005,PRJ028,2024-06-26,2.5,billable
TS03915,EMP005,PRJ009,03.09.2024,,billable
TS03916,EMP007,PRJ018,02/12/2025,2.0,internal
TS03917,EMP007,PRJ008,21.03.2025,6.4,billable
TS03918,EMP014,PRJ026,14/08/2024,1.9,internal
TS03919,EMP016,PRJ020,10/01/2024,2.7,internal
TS03920,EMP003,PRJ002,04.02.2025,1.7,billable
TS03921,EMP018,PRJ019,2024-10-24,6.5,billable
TS03922,EMP004,PRJ032,20/02/2025,3.1,billable
TS03923,EMP001,PRJ009,29/10/2024,1.7,billable
TS03924,EMP014,PRJ027,2024-04-11,6.1,internal
TS03925,EMP011,PRJ024,2024-06-12,5.9,billable
TS03926,EMP002,PRJ021,30/05/2025,6.9,billable
TS03927,EMP008,PRJ023,04.10.2024,6.2,internal
TS03928,EMP006,PRJ022,2025-11-25,2.4,billable
TS03929,EMP025,PRJ011,2024-11-28,3.2,billable
TS03930,EMP018,PRJ035,02/07/2024,3.8,billable
TS03931,EMP008,PRJ002,17.09.2024,7.4,billable
TS03932,EMP023,PRJ031,30/04/2024,6.9,billable
TS03933,EMP020,PRJ015,13.01.2025,7.7,billable
TS03934,EMP012,PRJ012,16.02.2024,3.3,internal
TS03935,EMP016,PRJ006,19.04.2024,5.8,internal
TS03936,EMP023,PRJ020,05/12/2024,4.3,internal
TS03937,EMP022,PRJ007,01.04.2024,8.0,billable
TS03938,EMP017,PRJ030,09/02/2024,6.6,billable
TS03939,EMP006,PRJ008,29.07.2024,2.4,billable
TS03940,EMP017,PRJ013,2024-10-07,4.2,billable
TS03941,EMP019,PRJ034,25.08.2025,5.3,billable
TS03942,EMP013,PRJ007,29.04.2024,6.2,billable
TS03943,EMP019,PRJ009,22/04/2025,1.7,internal
TS03944,EMP008,PRJ014,17.06.2025,5.7,billable
TS03945,EMP005,PRJ033,09.01.2025,6.1,internal
TS03946,EMP017,PRJ007,2025-07-15,6.4,billable
TS03947,EMP023,PRJ016,2024-02-22,6.0,internal
TS03948,EMP016,PRJ019,22.09.2025,5.1,billable
TS03949,EMP009,PRJ021,18/04/2025,5.8,billable
TS03950,EMP004,PRJ003,2025-04-07,3.8,internal
TS03951,EMP021,PRJ022,18/10/2024,5.6,billable
TS03952,EMP004,PRJ026,2024-02-01,7.6,billable
TS03953,EMP017,PRJ014,17.09.2025,4.6,internal
TS03954,EMP002,PRJ030,12/09/2025,5.9,billable
TS03955,EMP015,PRJ033,16/08/2024,7.5,billable
TS03956,EMP003,PRJ025,2025-05-05,4.7,internal
TS03957,EMP016,PRJ014,2024-02-28,8.0,billable
TS03958,EMP015,PRJ025,2024-04-08,7.2,billable
TS03959,EMP021,PRJ001,20.05.2025,4.6,billable
TS03960,EMP023,PRJ033,2024-11-25,3.0,billable
TS03961,EMP011,PRJ009,21.07.2025,3.3,internal
TS03962,EMP005,PRJ026,18/11/2024,2.4,billable
TS03963,EMP004,PRJ019,30.09.2025,4.2,billable
TS03964,EMP005,PRJ016,01/10/2024,4.4,billable
TS03965,EMP002,PRJ016,30.12.2025,3.5,billable
TS03966,EMP005,PRJ003,2024-02-13,3.9,billable
TS03967,EMP009,PRJ024,31/07/2025,2.9,billable
TS03968,EMP018,PRJ016,2025-11-11,5.2,internal
TS03969,EMP001,PRJ027,2024-11-28,1.2,billable
TS03970,EMP005,PRJ035,2025-10-28,2.7,billable
TS03971,EMP014,PRJ023,11/09/2024,5.7,internal
TS03972,EMP011,PRJ022,22.02.2024,,billable
TS03973,EMP016,PRJ032,2025-07-07,5.2,billable
TS03974,EMP014,PRJ013,13.08.2025,6.1,billable
TS03975,EMP017,PRJ012,11.12.2025,6.2,billable
TS03976,EMP005,PRJ028,2025-07-30,1.1,internal
TS03977,EMP012,PRJ022,25.11.2025,1.2,billable
TS03978,EMP015,PRJ002,2024-03-11,7.7,billable
TS03979,EMP007,PRJ017,12.11.2024,5.3,billable
TS03980,EMP004,PRJ025,2024-07-05,6.1,billable
TS03981,EMP008,PRJ005,02.09.2025,2.1,internal
TS03982,EMP011,PRJ015,26/01/2024,4.4,billable
TS03983,EMP018,PRJ009,28/05/2024,4.6,billable
TS03984,EMP025,PRJ004,19/11/2024,3.0,billable
TS03985,EMP015,PRJ011,2025-07-14,7.5,billable
TS03986,EMP017,PRJ002,22.03.2024,7.9,billable
TS03987,EMP009,PRJ027,23/12/2025,3.9,billable
TS03988,EMP016,PRJ027,16.01.2024,6.9,billable
TS03989,EMP009,PRJ029,10/06/2024,5.9,billable
TS03990,EMP015,PRJ030,12.12.2025,2.8,billable
TS03991,EMP023,PRJ018,2025-03-04,3.2,billable
TS03992,EMP020,PRJ033,2025-05-27,5.2,internal
TS03993,EMP017,PRJ004,2025-09-05,2.0,internal
TS03994,EMP003,PRJ025,20/09/2024,1.8,billable
TS03995,EMP021,PRJ034,10.03.2025,1.2,billable
TS03996,EMP007,PRJ005,09/12/2025,6.9,billable
TS03997,EMP019,PRJ024,13.10.2025,1.4,billable
TS03998,EMP006,PRJ017,16/05/2024,4.9,billable
TS03999,EMP013,PRJ002,27.03.2024,5.0,billable
TS04000,EMP001,PRJ034,26/03/2025,1.0,
TS04001,EMP024,PRJ026,2025-05-12,7.1,billable
TS04002,EMP004,PRJ004,2025-04-29,6.8,billable
TS04003,EMP019,PRJ024,2025-03-31,5.2,billable
TS04004,EMP003,PRJ004,03.12.2024,7.8,billable
TS04005,EMP016,PRJ004,2024-04-18,4.5,billable
TS04006,EMP002,PRJ010,2024-12-24,5.7,billable
TS04007,EMP008,PRJ012,2024-02-05,1.6,internal
TS04008,EMP012,PRJ031,02.10.2024,5.5,billable
TS04009,EMP021,PRJ015,05.09.2025,4.0,billable
TS04010,EMP009,PRJ011,20.12.2024,2.1,billable
TS04011,EMP022,PRJ011,2024-02-27,3.0,billable
TS04012,EMP015,PRJ019,12/02/2024,7.6,internal
TS04013,EMP007,PRJ016,2025-04-14,7.6,internal
TS04014,EMP025,PRJ026,12/08/2025,6.4,billable
TS04015,EMP022,PRJ025,05/01/2024,6.9,billable
TS04016,EMP015,PRJ020,05.09.2025,5.6,internal
TS04017,EMP017,PRJ033,2024-03-21,2.9,billable
TS04018,EMP011,PRJ033,14.02.2025,2.2,billable
TS04019,EMP011,PRJ002,2025-08-01,5.3,billable
TS04020,EMP008,PRJ021,2024-05-28,7.8,billable
TS04021,EMP023,PRJ004,2025-12-18,4.6,internal
TS04022,EMP022,PRJ028,09.06.2025,5.3,billable
TS04023,EMP006,PRJ005,2024-09-05,3.5,billable
TS04024,EMP022,PRJ030,12.12.2025,2.4,
TS04025,EMP005,PRJ010,03/11/2025,7.0,billable
TS04026,EMP022,PRJ009,09.01.2024,3.3,billable
TS04027,EMP017,PRJ031,2025-07-15,7.1,billable
TS04028,EMP010,PRJ031,02/12/2025,2.8,billable
TS04029,EMP010,PRJ012,2025-08-20,2.7,billable
TS04030,EMP009,PRJ031,03/07/2024,1.6,billable
TS04031,EMP002,PRJ018,2024-12-18,6.6,billable
TS04032,EMP014,PRJ033,16.06.2025,5.5,billable
TS04033,EMP011,PRJ019,14/10/2024,3.3,billable
TS04034,EMP008,PRJ018,2024-01-05,1.8,billable
TS04035,EMP023,PRJ014,03.03.2025,8.0,internal
TS04036,EMP006,PRJ030,06.12.2024,5.6,billable
TS04037,EMP008,PRJ034,09/09/2025,1.2,billable
TS04038,EMP010,PRJ031,10.09.2025,2.7,billable
TS04039,EMP003,PRJ024,25.02.2025,4.9,billable
TS04040,EMP002,PRJ030,29/01/2024,5.6,billable
TS04041,EMP008,PRJ007,22/01/2025,1.2,billable
TS04042,EMP008,PRJ004,2024-08-06,6.9,internal
TS04043,EMP023,PRJ032,2024-03-12,4.8,billable
TS04044,EMP012,PRJ027,2024-07-11,7.0,internal
TS04045,EMP018,PRJ001,20/05/2025,4.8,billable
TS04046,EMP013,PRJ027,20/03/2024,3.2,internal
TS04047,EMP017,PRJ026,20.01.2025,2.6,billable
TS04048,EMP001,PRJ011,2025-10-07,7.0,billable
TS04049,EMP006,PRJ034,2025-12-22,4.8,billable
TS04050,EMP020,PRJ018,03.02.2025,5.1,billable
TS04051,EMP017,PRJ011,10/12/2025,6.9,internal
TS04052,EMP002,PRJ016,2024-03-22,5.7,internal
TS04053,EMP015,PRJ006,2024-06-20,2.5,billable
TS04054,EMP013,PRJ034,24/03/2025,7.9,billable
TS04055,EMP018,PRJ025,21.05.2024,4.0,billable
TS04056,EMP005,PRJ034,18.04.2025,,internal
TS04057,EMP016,PRJ029,2025-07-28,,billable
TS04058,EMP006,PRJ035,21.08.2024,6.8,billable
TS04059,EMP025,PRJ024,2025-05-06,2.7,internal
TS04060,EMP015,PRJ032,21/10/2025,6.0,billable
TS04061,EMP012,PRJ031,13/08/2024,1.4,billable
TS04062,EMP005,PRJ011,17/07/2025,3.4,internal
TS04063,EMP023,PRJ011,2024-09-17,1.3,billable
TS04064,EMP014,PRJ034,2025-09-10,6.1,billable
TS04065,EMP015,PRJ003,29.10.2024,1.7,billable
TS04066,EMP012,PRJ027,14.10.2025,6.5,billable
TS04067,EMP011,PRJ025,15/09/2025,1.1,internal
TS04068,EMP009,PRJ028,26.05.2025,6.2,billable
TS04069,EMP023,PRJ011,17.10.2024,4.8,billable
TS04070,EMP001,PRJ001,2025-11-06,6.9,internal
TS04071,EMP011,PRJ018,12/06/2024,4.0,billable
TS04072,EMP011,PRJ014,2024-03-01,1.6,internal
TS04073,EMP019,PRJ033,30.01.2024,5.9,billable
TS04074,EMP013,PRJ010,11.07.2025,2.6,billable
TS04075,EMP018,PRJ005,2024-02-09,4.8,billable
TS04076,EMP015,PRJ018,2024-07-23,3.3,billable
TS04077,EMP006,PRJ033,16/04/2025,1.5,billable
TS04078,EMP020,PRJ024,18/04/2025,5.9,billable
TS04079,EMP019,PRJ022,2025-09-18,5.0,internal
TS04080,EMP021,PRJ016,05.12.2025,5.4,billable
TS04081,EMP010,PRJ033,08/01/2025,7.1,internal
TS04082,EMP020,PRJ023,13.06.2024,5.8,billable
TS04083,EMP002,PRJ030,17.11.2025,6.4,billable
TS04084,EMP013,PRJ021,08.04.2024,7.1,billable
TS04085,EMP012,PRJ032,2024-10-29,6.0,billable
TS04086,EMP022,PRJ009,29/04/2025,5.4,internal
TS04087,EMP024,PRJ010,05.11.2024,7.7,billable
TS04088,EMP006,PRJ006,21/06/2024,6.2,
TS04089,EMP019,PRJ013,2025-03-24,2.6,billable
TS04090,EMP023,PRJ006,18.07.2025,7.3,billable
TS04091,EMP011,PRJ004,25/12/2025,1.2,internal
TS04092,EMP005,PRJ016,2024-06-06,3.3,billable
TS04093,EMP004,PRJ014,2024-11-05,6.2,billable
TS04094,EMP012,PRJ031,11.03.2024,2.4,billable
TS04095,EMP015,PRJ028,2025-07-15,3.9,billable
TS04096,EMP025,PRJ008,2024-06-03,1.2,billable
TS04097,EMP017,PRJ006,19/08/2024,1.3,billable
TS04098,EMP017,PRJ004,2025-07-23,4.8,billable
TS04099,EMP010,PRJ024,2024-06-10,2.3,internal
TS04100,EMP002,PRJ033,06/06/2024,1.5,billable
TS04101,EMP023,PRJ014,08/04/2024,4.1,billable
TS04102,EMP016,PRJ004,05.11.2024,7.8,billable
TS04103,EMP003,PRJ001,03.11.2025,2.5,billable
TS04104,EMP017,PRJ031,2024-10-24,1.3,internal
TS04105,EMP006,PRJ002,11.09.2024,2.9,internal
TS04106,EMP016,PRJ005,19/09/2024,7.3,billable
TS04107,EMP016,PRJ030,23.12.2024,6.3,billable
TS04108,EMP008,PRJ005,21/01/2025,6.3,billable
TS04109,EMP016,PRJ033,19.03.2024,1.6,internal
TS04110,EMP011,PRJ029,01.02.2024,7.7,internal
TS04111,EMP007,PRJ004,2025-03-10,3.8,billable
TS04112,EMP013,PRJ026,10.02.2025,5.8,billable
TS04113,EMP007,PRJ030,01.03.2024,1.2,billable
TS04114,EMP001,PRJ032,08/03/2024,2.9,billable
TS04115,EMP010,PRJ014,01.02.2024,6.6,billable
TS04116,EMP023,PRJ035,11.12.2025,4.7,billable
TS04117,EMP020,PRJ001,14/08/2025,4.5,billable
TS04118,EMP005,PRJ024,17/07/2025,7.6,billable
TS04119,EMP007,PRJ008,2025-08-12,7.7,internal
TS04120,EMP006,PRJ016,2025-03-14,4.5,billable
TS04121,EMP013,PRJ013,2024-05-28,7.7,billable
TS04122,EMP009,PRJ029,07/01/2025,4.6,billable
TS04123,EMP023,PRJ018,2024-04-10,3.8,billable
TS04124,EMP004,PRJ030,06/12/2024,3.4,billable
TS04125,EMP009,PRJ023,2025-06-09,3.1,billable
TS04126,EMP003,PRJ024,25/03/2025,2.2,billable
TS04127,EMP003,PRJ005,28/02/2025,4.8,billable
TS04128,EMP007,PRJ025,18/03/2024,1.6,billable
TS04129,EMP011,PRJ022,13/12/2024,6.0,billable
TS04130,EMP013,PRJ033,2024-09-09,3.7,internal
TS04131,EMP009,PRJ002,22/07/2024,3.0,internal
TS04132,EMP011,PRJ023,2025-11-21,,billable
TS04133,EMP003,PRJ006,2025-09-09,7.7,billable
TS04134,EMP008,PRJ034,20/01/2025,6.6,billable
TS04135,EMP021,PRJ029,31.07.2024,3.7,billable
TS04136,EMP002,PRJ021,26.11.2025,5.4,billable
TS04137,EMP023,PRJ006,2025-02-20,5.8,internal
TS04138,EMP014,PRJ017,22.01.2024,2.7,internal
TS04139,EMP024,PRJ031,2025-04-21,1.2,billable
TS04140,EMP011,PRJ022,29.12.2025,1.9,internal
TS04141,EMP020,PRJ025,2025-03-14,5.0,billable
TS04142,EMP016,PRJ023,21.03.2025,1.9,
TS04143,EMP014,PRJ005,27/10/2025,7.9,billable
TS04144,EMP010,PRJ021,2025-08-22,2.3,billable
TS04145,EMP018,PRJ015,17.06.2024,4.0,internal
TS04146,EMP022,PRJ003,26.02.2024,1.6,billable
TS04147,EMP022,PRJ019,2025-10-13,5.6,billable
TS04148,EMP009,PRJ020,28/07/2025,3.0,billable
TS04149,EMP021,PRJ016,18.11.2024,6.0,internal
TS04150,EMP006,PRJ035,28.04.2025,6.0,internal
TS04151,EMP004,PRJ014,19/02/2024,7.4,billable
TS04152,EMP023,PRJ031,08.04.2024,6.8,billable
TS04153,EMP003,PRJ034,24.04.2025,7.7,billable
TS04154,EMP024,PRJ001,14/05/2025,6.1,billable
TS04155,EMP013,PRJ017,2024-09-17,3.7,billable
TS04156,EMP008,PRJ004,2025-08-13,4.2,internal
TS04157,EMP016,PRJ014,17.11.2025,4.6,billable
TS04158,EMP006,PRJ016,23/05/2025,8.0,billable
TS04159,EMP024,PRJ032,14.04.2025,1.0,billable
TS04160,EMP011,PRJ016,2024-06-25,3.3,billable
TS04161,EMP018,PRJ002,17/07/2025,7.8,internal
TS04162,EMP002,PRJ027,2025-11-12,3.8,billable
TS04163,EMP024,PRJ014,16.07.2025,7.9,internal
TS04164,EMP014,PRJ020,2025-02-18,6.3,billable
TS04165,EMP001,PRJ001,2024-07-12,5.8,billable
TS04166,EMP001,PRJ029,2024-02-19,6.7,billable
TS04167,EMP024,PRJ027,31.12.2025,5.9,billable
TS04168,EMP025,PRJ003,2025-08-07,7.7,internal
TS04169,EMP005,PRJ028,20/05/2025,6.1,billable
TS04170,EMP014,PRJ023,01.03.2024,7.0,internal
TS04171,EMP013,PRJ021,28/03/2025,1.9,billable
TS04172,EMP020,PRJ033,13.06.2024,4.5,billable
TS04173,EMP012,PRJ001,2024-02-13,2.4,billable
TS04174,EMP014,PRJ012,2025-02-10,5.3,internal
TS04175,EMP013,PRJ017,19/12/2024,2.2,internal
TS04176,EMP023,PRJ003,2025-04-17,6.3,internal
TS04177,EMP003,PRJ028,11/06/2025,3.4,billable
TS04178,EMP012,PRJ008,08/05/2024,3.4,billable
TS04179,EMP001,PRJ004,01/01/2025,6.9,internal
TS04180,EMP020,PRJ014,2024-07-17,2.0,billable
TS04181,EMP018,PRJ023,16.12.2025,3.8,internal
TS04182,EMP008,PRJ032,21.11.2025,2.2,billable
TS04183,EMP008,PRJ031,16.12.2025,6.0,billable
TS04184,EMP021,PRJ014,16.09.2024,7.5,billable
TS04185,EMP007,PRJ015,22.07.2024,5.8,billable
TS04186,EMP018,PRJ018,2025-01-10,3.8,internal
TS04187,EMP018,PRJ001,02.10.2024,4.3,billable
TS04188,EMP021,PRJ024,04/12/2025,5.7,billable
TS04189,EMP001,PRJ025,29/10/2024,3.6,billable
TS04190,EMP005,PRJ007,2025-01-13,4.4,billable
TS04191,EMP014,PRJ019,31.01.2024,3.3,billable
TS04192,EMP020,PRJ028,18/06/2025,4.7,billable
TS04193,EMP018,PRJ014,14.10.2025,6.6,billable
TS04194,EMP015,PRJ034,12/08/2024,5.7,billable
TS04195,EMP020,PRJ033,20/01/2025,6.3,internal
TS04196,EMP025,PRJ006,28/11/2025,5.8,
TS04197,EMP024,PRJ034,18/02/2025,5.5,internal
TS04198,EMP010,PRJ032,03.03.2025,4.3,internal
TS04199,EMP008,PRJ010,2025-07-28,,billable
TS04200,EMP017,PRJ022,08/07/2024,3.2,internal
TS04201,EMP012,PRJ026,2024-09-04,7.4,billable
TS04202,EMP008,PRJ017,2025-09-23,3.4,billable
TS04203,EMP011,PRJ019,28.02.2025,3.5,internal
TS04204,EMP002,PRJ033,19.05.2025,2.5,billable
TS04205,EMP005,PRJ030,29.07.2024,3.7,billable
TS04206,EMP024,PRJ025,03.11.2025,6.6,billable
TS04207,EMP024,PRJ014,18.10.2024,7.4,billable
TS04208,EMP014,PRJ026,2024-01-08,6.6,billable
TS04209,EMP017,PRJ028,11.02.2025,6.0,billable
TS04210,EMP024,PRJ010,27/02/2025,3.2,internal
TS04211,EMP019,PRJ013,11/11/2025,4.3,billable
TS04212,EMP016,PRJ028,2024-02-29,6.5,billable
TS04213,EMP014,PRJ019,25.12.2025,5.6,billable
TS04214,EMP025,PRJ032,09.09.2024,6.0,billable
TS04215,EMP016,PRJ014,08/12/2025,7.7,billable
TS04216,EMP024,PRJ021,13.05.2024,4.5,billable
TS04217,EMP003,PRJ013,31.03.2025,4.8,internal
TS04218,EMP017,PRJ035,2025-05-29,2.7,billable
TS04219,EMP020,PRJ026,2025-06-04,3.2,billable
TS04220,EMP002,PRJ010,02.09.2024,1.3,internal
TS04221,EMP009,PRJ026,2025-09-16,7.7,billable
TS04222,EMP012,PRJ017,2025-06-25,3.8,billable
TS04223,EMP012,PRJ025,2024-02-02,6.8,
TS04224,EMP007,PRJ022,13/11/2024,3.9,
TS04225,EMP002,PRJ014,05/05/2025,3.8,billable
TS04226,EMP004,PRJ006,12/03/2025,1.6,billable
TS04227,EMP024,PRJ026,16/12/2025,3.2,billable
TS04228,EMP023,PRJ005,2025-10-15,4.9,billable
TS04229,EMP011,PRJ034,2025-09-08,2.6,billable
TS04230,EMP023,PRJ026,02/01/2024,,billable
TS04231,EMP001,PRJ011,2025-08-25,3.4,internal
TS04232,EMP001,PRJ005,09/07/2024,7.0,internal
TS04233,EMP012,PRJ004,2025-01-29,6.2,billable
TS04234,EMP025,PRJ008,15.07.2024,7.4,billable
TS04235,EMP011,PRJ008,12.08.2025,1.7,internal
TS04236,EMP014,PRJ035,24.03.2025,1.6,billable
TS04237,EMP018,PRJ001,21.10.2025,3.2,internal
TS04238,EMP025,PRJ024,2024-01-18,4.4,internal
TS04239,EMP019,PRJ015,2024-07-31,6.7,billable
TS04240,EMP005,PRJ003,30/07/2025,7.1,internal
TS04241,EMP007,PRJ031,25/11/2025,1.5,internal
TS04242,EMP013,PRJ010,04/04/2025,2.8,billable
TS04243,EMP006,PRJ027,2024-05-14,6.0,billable
TS04244,EMP012,PRJ005,2025-03-17,3.2,billable
TS04245,EMP002,PRJ005,09.07.2025,1.6,billable
TS04246,EMP021,PRJ015,2025-11-26,5.3,billable
TS04247,EMP012,PRJ033,2025-05-22,5.1,internal
TS04248,EMP004,PRJ019,11.11.2025,3.4,billable
TS04249,EMP004,PRJ002,19.08.2025,5.9,billable
TS04250,EMP002,PRJ019,2025-01-02,1.2,billable
TS04251,EMP007,PRJ028,09/01/2024,4.6,billable
TS04252,EMP018,PRJ001,16/09/2024,2.8,internal
TS04253,EMP023,PRJ005,09/12/2025,5.3,internal
TS04254,EMP008,PRJ018,11.03.2025,4.9,billable
TS04255,EMP013,PRJ001,27/08/2025,5.8,internal
TS04256,EMP002,PRJ027,14/05/2024,5.8,billable
TS04257,EMP008,PRJ035,24/12/2024,5.0,billable
TS04258,EMP003,PRJ020,28/05/2024,5.7,billable
TS04259,EMP021,PRJ029,17.03.2025,2.3,internal
TS04260,EMP015,PRJ026,03/02/2025,5.2,internal
TS04261,EMP010,PRJ032,2024-05-22,4.7,billable
TS04262,EMP023,PRJ025,2025-06-17,3.2,internal
TS04263,EMP013,PRJ009,2025-09-15,6.6,internal
TS04264,EMP005,PRJ035,12/02/2025,4.0,internal
TS04265,EMP013,PRJ027,09/05/2025,5.6,billable
TS04266,EMP024,PRJ032,01/12/2025,3.1,billable
TS04267,EMP005,PRJ014,2024-03-29,6.0,billable
TS04268,EMP011,PRJ010,2024-12-17,6.8,
TS04269,EMP017,PRJ020,2025-09-08,3.7,billable
TS04270,EMP002,PRJ022,04.06.2024,1.1,billable
TS04271,EMP025,PRJ006,11/07/2024,6.0,billable
TS04272,EMP020,PRJ015,2024-10-22,5.6,billable
TS04273,EMP001,PRJ006,30/05/2024,7.4,billable
TS04274,EMP004,PRJ018,2025-12-16,5.5,billable
TS04275,EMP016,PRJ033,2024-08-15,2.9,internal
TS04276,EMP016,PRJ035,2024-06-03,5.8,billable
TS04277,EMP017,PRJ010,21.08.2024,1.6,billable
TS04278,EMP017,PRJ006,2025-05-29,1.8,billable
TS04279,EMP005,PRJ020,17/06/2024,7.8,billable
TS04280,EMP014,PRJ014,26/11/2025,3.3,billable
TS04281,EMP012,PRJ009,03.03.2025,2.5,billable
TS04282,EMP007,PRJ032,03.10.2025,2.0,billable
TS04283,EMP007,PRJ021,29.04.2024,1.5,billable
TS04284,EMP018,PRJ002,05/12/2024,1.3,billable
TS04285,EMP017,PRJ012,09/06/2025,7.7,billable
TS04286,EMP013,PRJ025,26.12.2025,1.3,billable
TS04287,EMP023,PRJ033,2025-04-02,1.6,billable
TS04288,EMP003,PRJ014,2025-02-03,4.9,billable
TS04289,EMP005,PRJ026,13/05/2024,1.7,billable
TS04290,EMP003,PRJ017,2024-09-26,2.5,
TS04291,EMP009,PRJ019,30.12.2024,2.0,internal
TS04292,EMP023,PRJ030,2024-11-15,2.9,billable
TS04293,EMP016,PRJ007,2024-05-07,5.8,billable
TS04294,EMP019,PRJ029,17/06/2024,5.4,internal
TS04295,EMP002,PRJ014,10.10.2025,3.1,billable
TS04296,EMP023,PRJ035,18/12/2025,3.5,billable
TS04297,EMP017,PRJ033,04/04/2024,6.9,billable
TS04298,EMP005,PRJ008,10.01.2025,5.0,billable
TS04299,EMP008,PRJ033,2024-05-10,4.4,billable
TS04300,EMP004,PRJ011,20/06/2024,2.3,internal
TS04301,EMP015,PRJ001,23/10/2024,4.2,billable
TS04302,EMP017,PRJ014,11/02/2025,4.9,billable
TS04303,EMP001,PRJ030,19/01/2024,,billable
TS04304,EMP015,PRJ025,2024-05-22,2.1,internal
TS04305,EMP022,PRJ035,2024-05-10,1.8,internal
TS04306,EMP018,PRJ011,07/05/2025,4.9,billable
TS04307,EMP007,PRJ014,23.07.2024,7.0,internal
TS04308,EMP014,PRJ011,11/11/2025,6.3,internal
TS04309,EMP009,PRJ035,2024-12-26,7.9,billable
TS04310,EMP007,PRJ022,17.06.2025,6.7,billable
TS04311,EMP022,PRJ020,19/03/2025,3.5,billable
TS04312,EMP013,PRJ016,23.04.2025,4.9,
TS04313,EMP024,PRJ015,2025-01-20,2.8,internal
TS04314,EMP011,PRJ023,07.01.2025,6.2,internal
TS04315,EMP009,PRJ011,2024-03-18,5.4,billable
TS04316,EMP014,PRJ013,2025-12-08,3.8,billable
TS04317,EMP017,PRJ032,02/05/2025,4.4,billable
TS04318,EMP007,PRJ020,2024-04-01,4.4,internal
TS04319,EMP018,PRJ002,2025-07-14,5.6,internal
TS04320,EMP005,PRJ013,24/07/2024,5.3,billable
TS04321,EMP001,PRJ003,2024-04-08,1.5,billable
TS04322,EMP001,PRJ020,16/10/2024,2.3,billable
TS04323,EMP003,PRJ017,22.08.2025,5.2,billable
TS04324,EMP013,PRJ017,16.04.2025,5.9,billable
TS04325,EMP019,PRJ006,16.12.2024,7.9,billable
TS04326,EMP015,PRJ025,2025-04-17,5.7,billable
TS04327,EMP013,PRJ008,16/02/2024,6.6,internal
TS04328,EMP022,PRJ012,28.02.2024,3.5,internal
TS04329,EMP009,PRJ024,29.09.2025,7.9,billable
TS04330,EMP015,PRJ013,2024-06-11,6.4,billable
TS04331,EMP010,PRJ007,2025-04-22,5.7,billable
TS04332,EMP001,PRJ028,04.06.2025,3.4,billable
TS04333,EMP018,PRJ027,05/03/2024,1.2,internal
TS04334,EMP012,PRJ033,22.01.2025,7.9,billable
TS04335,EMP023,PRJ013,2025-02-24,2.9,internal
TS04336,EMP016,PRJ026,19/05/2025,5.6,internal
TS04337,EMP009,PRJ022,16/06/2025,4.1,billable
TS04338,EMP021,PRJ017,31.03.2025,6.2,billable
TS04339,EMP015,PRJ017,2024-11-25,5.5,billable
TS04340,EMP008,PRJ029,22.05.2025,2.2,billable
TS04341,EMP024,PRJ034,17.09.2025,3.8,internal
TS04342,EMP001,PRJ016,27.03.2025,6.6,billable
TS04343,EMP016,PRJ034,2024-01-08,3.6,billable
TS04344,EMP013,PRJ013,10/07/2024,6.1,billable
TS04345,EMP024,PRJ034,2024-02-13,5.9,billable
TS04346,EMP002,PRJ018,01/04/2024,3.5,billable
TS04347,EMP023,PRJ017,31.01.2024,3.2,billable
TS04348,EMP017,PRJ015,2025-07-01,4.2,billable
TS04349,EMP013,PRJ030,14/10/2024,5.5,billable
TS04350,EMP008,PRJ014,21.05.2024,7.3,billable
TS04351,EMP011,PRJ010,26/02/2024,6.0,internal
TS04352,EMP003,PRJ002,02/07/2024,5.4,billable
TS04353,EMP020,PRJ021,29/04/2024,3.7,internal
TS04354,EMP019,PRJ031,2024-07-26,4.6,internal
TS04355,EMP007,PRJ021,02.04.2025,7.0,billable
TS04356,EMP007,PRJ022,24.01.2024,7.6,internal
TS04357,EMP006,PRJ027,02.02.2024,2.3,billable
TS04358,EMP011,PRJ028,28.04.2025,1.4,billable
TS04359,EMP006,PRJ012,2024-09-03,7.2,billable
TS04360,EMP005,PRJ013,20.05.2025,4.2,billable
TS04361,EMP022,PRJ007,2025-12-17,6.2,billable
TS04362,EMP015,PRJ001,2024-12-10,7.4,billable
TS04363,EMP002,PRJ026,20/10/2025,3.5,internal
TS04364,EMP015,PRJ034,30/07/2024,6.3,billable
TS04365,EMP017,PRJ013,11/01/2024,2.6,billable
TS04366,EMP011,PRJ019,09/12/2025,5.7,internal
TS04367,EMP017,PRJ004,23/09/2025,1.1,billable
TS04368,EMP008,PRJ025,19/09/2024,2.7,internal
TS04369,EMP024,PRJ033,2024-09-30,7.6,internal
TS04370,EMP011,PRJ014,25.01.2024,2.4,billable
TS04371,EMP012,PRJ028,2024-01-08,6.9,internal
TS04372,EMP002,PRJ008,07.01.2025,2.1,internal
TS04373,EMP020,PRJ026,27.01.2025,2.4,billable
TS04374,EMP008,PRJ023,2025-02-13,3.5,internal
TS04375,EMP019,PRJ008,2024-12-27,2.9,internal
TS04376,EMP007,PRJ011,29.01.2024,1.8,internal
TS04377,EMP018,PRJ021,2024-01-05,1.2,billable
TS04378,EMP023,PRJ003,2025-12-10,7.0,internal
TS04379,EMP017,PRJ008,2025-12-10,1.2,billable
TS04380,EMP017,PRJ019,26/12/2025,4.1,internal
TS04381,EMP020,PRJ029,30.07.2024,5.1,billable
TS04382,EMP011,PRJ021,2024-08-30,4.7,billable
TS04383,EMP022,PRJ013,11/06/2025,7.1,billable
TS04384,EMP004,PRJ033,17.12.2024,2.3,billable
TS04385,EMP017,PRJ034,10/11/2025,6.1,billable
TS04386,EMP017,PRJ008,11.08.2025,4.0,billable
TS04387,EMP024,PRJ033,09/04/2025,3.7,
TS04388,EMP010,PRJ033,21.07.2025,3.0,billable
TS04389,EMP017,PRJ009,03/11/2025,2.8,billable
TS04390,EMP001,PRJ029,26/02/2025,5.2,billable
TS04391,EMP007,PRJ024,2024-12-06,4.6,billable
TS04392,EMP022,PRJ010,02/04/2025,4.1,billable
TS04393,EMP016,PRJ032,07/10/2024,3.6,internal
TS04394,EMP005,PRJ014,10.06.2025,4.1,internal
TS04395,EMP016,PRJ031,22.09.2025,1.3,billable
TS04396,EMP012,PRJ019,14.07.2025,6.8,billable
TS04397,EMP024,PRJ007,24.03.2025,4.0,billable
TS04398,EMP016,PRJ008,06/06/2024,3.3,billable
TS04399,EMP025,PRJ029,2025-03-17,4.1,billable
TS04400,EMP005,PRJ010,19/05/2025,2.0,billable
TS04401,EMP010,PRJ024,2024-04-25,5.9,billable
TS04402,EMP002,PRJ004,13.12.2024,3.0,billable
TS04403,EMP012,PRJ022,2025-01-07,7.5,internal
TS04404,EMP022,PRJ014,29.07.2024,3.6,internal
TS04405,EMP025,PRJ027,28.02.2025,,billable
TS04406,EMP024,PRJ006,2024-01-31,4.5,internal
TS04407,EMP003,PRJ024,2024-12-03,5.8,billable
TS04408,EMP015,PRJ015,2024-08-16,3.7,billable
TS04409,EMP008,PRJ005,17.11.2025,5.8,billable
TS04410,EMP017,PRJ035,2024-12-24,5.5,billable
TS04411,EMP025,PRJ013,2025-09-03,1.5,billable
TS04412,EMP010,PRJ004,05.02.2024,5.3,billable
TS04413,EMP019,PRJ028,2024-09-05,4.5,billable
TS04414,EMP018,PRJ029,2025-06-17,2.2,billable
TS04415,EMP017,PRJ020,2024-10-17,7.7,billable
TS04416,EMP015,PRJ028,2025-02-17,2.7,internal
TS04417,EMP010,PRJ033,17.12.2025,1.6,billable
TS04418,EMP016,PRJ018,03/06/2024,6.1,billable
TS04419,EMP021,PRJ013,01.12.2025,6.4,internal
TS04420,EMP015,PRJ021,16/06/2025,1.7,billable
TS04421,EMP009,PRJ011,2024-11-14,3.7,billable
TS04422,EMP013,PRJ014,2025-08-05,5.3,billable
TS04423,EMP014,PRJ026,14/11/2024,5.6,
TS04424,EMP013,PRJ001,22/07/2025,7.6,internal
TS04425,EMP013,PRJ027,2025-11-14,8.0,billable
TS04426,EMP005,PRJ010,05.09.2024,5.7,billable
TS04427,EMP016,PRJ009,2024-07-09,7.3,billable
TS04428,EMP025,PRJ018,2024-02-26,7.9,billable
TS04429,EMP010,PRJ034,02/12/2024,4.5,billable
TS04430,EMP013,PRJ021,24.11.2025,6.4,billable
TS04431,EMP012,PRJ030,2025-05-29,3.7,billable
TS04432,EMP024,PRJ009,11/02/2025,5.5,billable
TS04433,EMP020,PRJ017,2024-08-07,7.8,internal
TS04434,EMP004,PRJ017,20/03/2025,3.5,internal
TS04435,EMP005,PRJ006,02/12/2025,4.6,billable
TS04436,EMP005,PRJ004,2024-09-12,3.3,billable
TS04437,EMP022,PRJ002,2024-12-16,3.9,billable
TS04438,EMP018,PRJ021,2024-02-20,4.8,billable
TS04439,EMP023,PRJ033,2025-05-02,7.3,billable
TS04440,EMP019,PRJ004,2024-10-14,1.9,
TS04441,EMP024,PRJ033,22/09/2025,7.8,billable
TS04442,EMP005,PRJ006,25.06.2025,2.9,billable
TS04443,EMP019,PRJ027,2025-01-07,5.3,billable
TS04444,EMP012,PRJ028,2024-04-09,7.7,internal
TS04445,EMP007,PRJ003,15/11/2024,7.6,billable
TS04446,EMP024,PRJ024,2024-05-06,2.5,billable
TS04447,EMP005,PRJ007,17/02/2025,4.8,billable
TS04448,EMP015,PRJ008,2024-10-16,8.0,billable
TS04449,EMP020,PRJ009,2025-04-01,3.0,internal
TS04450,EMP013,PRJ003,28/06/2024,2.6,billable
TS04451,EMP001,PRJ027,29/05/2024,2.8,billable
TS04452,EMP005,PRJ004,21/11/2025,2.7,billable
TS04453,EMP024,PRJ021,25/04/2024,1.1,internal
TS04454,EMP022,PRJ028,2025-07-17,4.4,billable
TS04455,EMP025,PRJ005,01/07/2024,1.6,billable
TS04456,EMP007,PRJ012,03.09.2024,3.6,internal
TS04457,EMP008,PRJ002,06/10/2025,7.1,billable
TS04458,EMP003,PRJ027,04/12/2024,4.3,billable
TS04459,EMP004,PRJ034,20/08/2024,1.2,billable
TS04460,EMP017,PRJ022,2025-10-07,7.5,billable
TS04461,EMP002,PRJ020,2024-03-11,7.0,billable
TS04462,EMP017,PRJ003,2024-11-19,1.7,billable
TS04463,EMP024,PRJ016,2024-08-19,7.9,
TS04464,EMP025,PRJ024,2025-12-17,3.1,
TS04465,EMP010,PRJ008,19/02/2025,6.4,billable
TS04466,EMP021,PRJ010,08.04.2024,6.5,billable
TS04467,EMP006,PRJ022,23.12.2025,5.9,billable
TS04468,EMP008,PRJ014,2025-10-06,6.7,billable
TS04469,EMP018,PRJ024,24.01.2025,4.7,billable
TS04470,EMP020,PRJ007,20.05.2025,7.7,billable
TS04471,EMP025,PRJ005,28.02.2024,5.8,billable
TS04472,EMP025,PRJ013,10.09.2024,6.0,billable
TS04473,EMP010,PRJ032,29/01/2024,4.6,billable
TS04474,EMP012,PRJ019,31/12/2024,6.8,internal
TS04475,EMP012,PRJ030,22/01/2024,,internal
TS04476,EMP009,PRJ026,03.07.2024,7.1,billable
TS04477,EMP024,PRJ012,2025-04-07,1.8,billable
TS04478,EMP021,PRJ025,2024-03-07,1.8,billable
TS04479,EMP020,PRJ015,2025-03-24,6.9,billable
TS04480,EMP001,PRJ005,2025-10-31,4.3,billable
TS04481,EMP013,PRJ011,24.06.2025,1.2,internal
TS04482,EMP015,PRJ032,22.05.2025,6.5,billable
TS04483,EMP013,PRJ033,14.05.2024,7.2,billable
TS04484,EMP025,PRJ026,11/11/2024,4.0,internal
TS04485,EMP020,PRJ024,2025-02-03,5.9,billable
TS04486,EMP005,PRJ003,2024-12-30,7.1,internal
TS04487,EMP008,PRJ030,16.10.2024,6.1,internal
TS04488,EMP016,PRJ023,18.04.2024,4.0,billable
TS04489,EMP007,PRJ024,2025-07-08,1.8,billable
TS04490,EMP017,PRJ029,15/10/2024,4.5,billable
TS04491,EMP020,PRJ022,2025-11-03,4.9,billable
TS04492,EMP019,PRJ031,2024-05-07,2.2,billable
TS04493,EMP002,PRJ025,2024-09-17,4.0,billable
TS04494,EMP019,PRJ006,2025-08-05,3.9,billable
TS04495,EMP002,PRJ014,06/10/2025,1.5,internal
TS04496,EMP021,PRJ026,27.06.2025,1.9,internal
TS04497,EMP008,PRJ022,2024-12-05,2.2,billable
TS04498,EMP025,PRJ032,2024-09-16,4.4,billable
TS04499,EMP022,PRJ013,2024-10-24,6.2,billable
TS04500,EMP005,PRJ009,15/08/2025,2.5,billable
TS04501,EMP001,PRJ016,04/08/2025,5.6,billable
TS04502,EMP021,PRJ004,19.11.2024,3.3,billable
TS04503,EMP019,PRJ006,2025-04-14,3.1,billable
TS04504,EMP021,PRJ021,30.07.2024,3.4,billable
TS04505,EMP016,PRJ023,02/02/2024,7.0,billable
TS04506,EMP017,PRJ003,11/07/2024,3.7,billable
TS04507,EMP014,PRJ012,2025-09-18,2.8,billable
TS04508,EMP015,PRJ001,17/06/2025,4.8,billable
TS04509,EMP025,PRJ018,01.10.2024,6.6,billable
TS04510,EMP016,PRJ031,23.09.2024,5.4,billable
TS04511,EMP001,PRJ007,23.06.2025,6.6,billable
TS04512,EMP020,PRJ008,07.08.2024,7.7,internal
TS04513,EMP011,PRJ014,25.06.2025,3.1,billable
TS04514,EMP023,PRJ032,08/02/2024,7.0,billable
TS04515,EMP014,PRJ019,04/12/2025,2.1,billable
TS04516,EMP006,PRJ001,01/07/2024,7.7,internal
TS04517,EMP020,PRJ011,2024-05-27,5.6,billable
TS04518,EMP025,PRJ029,09/09/2024,5.7,billable
TS04519,EMP020,PRJ022,24.09.2024,4.3,billable
TS04520,EMP008,PRJ034,19/03/2024,1.4,billable
TS04521,EMP005,PRJ005,24.09.2024,5.4,billable
TS04522,EMP006,PRJ019,2025-10-10,1.7,billable
TS04523,EMP020,PRJ022,24.03.2025,2.8,internal
TS04524,EMP009,PRJ008,15/07/2024,2.5,billable
TS04525,EMP005,PRJ034,2024-12-16,7.9,billable
TS04526,EMP025,PRJ021,2025-07-21,1.8,billable
TS04527,EMP018,PRJ011,04.08.2025,1.4,billable
TS04528,EMP006,PRJ006,2025-08-21,7.0,billable
TS04529,EMP019,PRJ018,2025-05-30,1.8,billable
TS04530,EMP017,PRJ024,11.12.2025,5.9,internal
TS04531,EMP006,PRJ027,2024-11-25,2.1,internal
TS04532,EMP015,PRJ020,13.02.2024,2.1,billable
TS04533,EMP014,PRJ033,09/06/2025,7.7,billable
TS04534,EMP023,PRJ035,30.05.2024,4.2,internal
TS04535,EMP015,PRJ021,15/09/2025,7.7,internal
TS04536,EMP019,PRJ008,2024-11-18,2.3,billable
TS04537,EMP004,PRJ007,2024-07-16,1.4,billable
TS04538,EMP018,PRJ011,29.08.2024,3.0,billable
TS04539,EMP005,PRJ017,2025-02-10,2.2,billable
TS04540,EMP006,PRJ001,22/05/2024,3.2,internal
TS04541,EMP015,PRJ003,2025-04-03,4.3,billable
TS04542,EMP021,PRJ035,20/05/2025,5.5,internal
TS04543,EMP010,PRJ004,08/07/2025,5.9,internal
TS04544,EMP002,PRJ029,27.10.2025,3.4,internal
TS04545,EMP007,PRJ003,14.01.2025,7.0,billable
TS04546,EMP023,PRJ032,2024-05-28,3.0,billable
TS04547,EMP012,PRJ019,07.03.2024,4.1,internal
TS04548,EMP006,PRJ032,20.03.2025,6.3,internal
TS04549,EMP011,PRJ012,12.08.2024,4.9,billable
TS04550,EMP019,PRJ013,27.01.2025,5.5,internal
TS04551,EMP018,PRJ028,12.06.2025,1.1,internal
TS04552,EMP021,PRJ015,26.12.2024,7.3,billable
TS04553,EMP020,PRJ024,15.08.2025,2.6,internal
TS04554,EMP006,PRJ006,28.10.2025,2.3,billable
TS04555,EMP001,PRJ031,2025-11-04,1.0,billable
TS04556,EMP025,PRJ020,04.08.2025,3.0,billable
TS04557,EMP012,PRJ030,21/01/2025,4.5,billable
TS04558,EMP018,PRJ001,29.11.2024,7.4,billable
TS04559,EMP009,PRJ023,11/10/2024,6.2,billable
TS04560,EMP007,PRJ013,2025-12-25,1.2,billable
TS04561,EMP014,PRJ014,06.11.2025,5.8,billable
TS04562,EMP001,PRJ027,2025-05-26,3.2,billable
TS04563,EMP014,PRJ015,2025-02-17,6.3,billable
TS04564,EMP001,PRJ017,2024-03-07,4.4,billable
TS04565,EMP014,PRJ032,2025-05-29,6.5,billable
TS04566,EMP022,PRJ012,2024-08-09,5.4,billable
TS04567,EMP017,PRJ015,27/12/2024,7.6,billable
TS04568,EMP011,PRJ009,02.05.2024,1.5,billable
TS04569,EMP008,PRJ032,2024-08-12,1.5,billable
TS04570,EMP001,PRJ035,2025-05-30,3.8,internal
TS04571,EMP011,PRJ017,20.11.2025,6.8,billable
TS04572,EMP008,PRJ027,2024-10-31,4.8,billable
TS04573,EMP005,PRJ005,27/05/2025,2.1,billable
TS04574,EMP002,PRJ009,16/06/2025,2.8,billable
TS04575,EMP015,PRJ013,09.07.2024,6.3,billable
TS04576,EMP001,PRJ014,2025-11-11,1.9,billable
TS04577,EMP009,PRJ014,2024-07-30,3.1,billable
TS04578,EMP002,PRJ002,2024-10-28,6.9,billable
TS04579,EMP004,PRJ016,10/12/2024,3.6,internal
TS04580,EMP024,PRJ031,2024-05-30,5.8,billable
TS04581,EMP025,PRJ030,2024-05-13,5.6,billable
TS04582,EMP020,PRJ032,21/07/2025,7.3,internal
TS04583,EMP012,PRJ005,2024-08-12,4.5,billable
TS04584,EMP018,PRJ006,01/07/2025,7.8,billable
TS04585,EMP002,PRJ018,02/06/2025,4.3,billable
TS04586,EMP011,PRJ033,2025-02-25,7.5,internal
TS04587,EMP024,PRJ015,14.10.2024,1.8,billable
TS04588,EMP019,PRJ026,15.11.2024,6.1,billable
TS04589,EMP016,PRJ021,06.06.2025,3.3,billable
TS04590,EMP021,PRJ021,2024-09-03,5.6,billable
TS04591,EMP010,PRJ013,29.08.2024,5.1,billable
TS04592,EMP014,PRJ015,12/06/2025,3.2,
TS04593,EMP024,PRJ030,14/10/2025,1.5,billable
TS04594,EMP002,PRJ023,02/01/2025,5.8,billable
TS04595,EMP009,PRJ019,06.02.2024,4.2,internal
TS04596,EMP015,PRJ030,16.12.2025,7.8,internal
TS04597,EMP006,PRJ009,2024-04-18,6.3,billable
TS04598,EMP022,PRJ001,10/10/2024,1.2,internal
TS04599,EMP004,PRJ012,29/10/2024,3.8,billable
TS04600,EMP001,PRJ018,09.04.2024,7.6,billable
TS04601,EMP014,PRJ031,26/03/2024,4.7,billable
TS04602,EMP025,PRJ019,2024-11-05,6.8,internal
TS04603,EMP014,PRJ031,2024-03-25,1.8,billable
TS04604,EMP001,PRJ015,2024-09-05,2.1,billable
TS04605,EMP008,PRJ002,21/04/2025,2.7,billable
TS04606,EMP019,PRJ031,04.11.2025,7.2,billable
TS04607,EMP025,PRJ004,2024-09-24,6.6,billable
TS04608,EMP020,PRJ033,27.08.2025,5.0,billable
TS04609,EMP010,PRJ034,2024-05-06,1.7,internal
TS04610,EMP025,PRJ019,09/09/2024,2.0,billable
TS04611,EMP012,PRJ007,06/06/2025,6.5,billable
TS04612,EMP016,PRJ004,23/01/2024,2.7,billable
TS04613,EMP005,PRJ023,2025-01-27,6.6,billable
TS04614,EMP023,PRJ022,05.08.2024,3.7,billable
TS04615,EMP003,PRJ022,23.09.2024,1.8,billable
TS04616,EMP021,PRJ009,2024-01-29,3.7,billable
TS04617,EMP007,PRJ004,2024-02-05,3.5,billable
TS04618,EMP006,PRJ028,24.03.2025,5.6,internal
TS04619,EMP018,PRJ017,2025-11-18,2.0,internal
TS04620,EMP022,PRJ021,17.11.2025,6.4,billable
TS04621,EMP014,PRJ006,30/06/2025,2.9,internal
TS04622,EMP011,PRJ035,06.06.2024,3.8,billable
TS04623,EMP004,PRJ018,18/09/2025,5.1,internal
TS04624,EMP007,PRJ009,2024-07-18,3.4,billable
TS04625,EMP023,PRJ014,18.11.2025,6.2,billable
TS04626,EMP011,PRJ002,22.05.2025,3.2,internal
TS04627,EMP022,PRJ029,06/08/2024,3.5,internal
TS04628,EMP009,PRJ031,19/05/2025,4.4,billable
TS04629,EMP019,PRJ016,2024-02-06,,billable
TS04630,EMP019,PRJ035,09.06.2025,7.5,billable
TS04631,EMP022,PRJ030,07/01/2025,6.6,internal
TS04632,EMP018,PRJ023,29/10/2025,7.1,billable
TS04633,EMP004,PRJ002,17/09/2024,1.2,billable
TS04634,EMP024,PRJ013,09/09/2025,4.0,billable
TS04635,EMP020,PRJ015,24/05/2024,6.9,billable
TS04636,EMP013,PRJ009,2025-01-06,5.7,internal
TS04637,EMP004,PRJ026,28.02.2024,2.5,billable
TS04638,EMP023,PRJ020,09.09.2024,5.7,billable
TS04639,EMP005,PRJ030,2025-07-24,5.0,billable
TS04640,EMP016,PRJ017,06/08/2025,3.9,billable
TS04641,EMP012,PRJ023,2025-04-14,6.1,internal
TS04642,EMP004,PRJ032,29.12.2025,7.1,billable
TS04643,EMP004,PRJ034,22.08.2024,1.9,billable
TS04644,EMP007,PRJ014,07/02/2025,7.0,internal
TS04645,EMP009,PRJ002,13.11.2025,2.9,billable
TS04646,EMP012,PRJ007,25.03.2024,2.1,billable
TS04647,EMP001,PRJ023,2024-01-09,7.6,billable
TS04648,EMP002,PRJ031,27.10.2025,3.0,billable
TS04649,EMP017,PRJ009,28/03/2025,6.5,internal
TS04650,EMP007,PRJ014,2024-11-21,5.9,billable
TS04651,EMP015,PRJ013,2024-05-16,6.0,billable
TS04652,EMP019,PRJ012,2024-03-22,6.8,
TS04653,EMP016,PRJ029,18.06.2024,1.5,billable
TS04654,EMP023,PRJ034,29/01/2025,7.7,billable
TS04655,EMP011,PRJ014,23/05/2025,1.5,internal
TS04656,EMP012,PRJ012,2024-01-05,4.9,billable
TS04657,EMP022,PRJ024,2024-02-22,4.3,billable
TS04658,EMP008,PRJ007,13/05/2024,5.3,internal
TS04659,EMP017,PRJ022,22.02.2024,7.3,internal
TS04660,EMP012,PRJ002,2025-06-24,2.0,
TS04661,EMP005,PRJ012,2024-01-29,4.9,billable
TS04662,EMP004,PRJ034,21/08/2025,6.9,internal
TS04663,EMP021,PRJ021,2025-08-06,3.9,billable
TS04664,EMP020,PRJ034,22/04/2025,7.6,billable
TS04665,EMP007,PRJ011,22.07.2024,1.1,internal
TS04666,EMP001,PRJ019,11.03.2024,4.3,billable
TS04667,EMP001,PRJ004,01/04/2025,4.6,billable
TS04668,EMP016,PRJ021,2024-12-16,5.8,billable
TS04669,EMP004,PRJ020,09/12/2024,1.3,billable
TS04670,EMP014,PRJ019,24.11.2025,3.8,billable
TS04671,EMP018,PRJ008,21/10/2024,6.4,billable
TS04672,EMP021,PRJ018,11.11.2025,3.3,billable
TS04673,EMP004,PRJ032,30/01/2025,2.8,billable
TS04674,EMP019,PRJ019,19.04.2024,4.0,internal
TS04675,EMP009,PRJ003,28.03.2025,4.9,billable
TS04676,EMP017,PRJ024,2025-07-01,3.2,billable
TS04677,EMP013,PRJ028,15/04/2025,5.5,internal
TS04678,EMP020,PRJ016,30/10/2025,5.1,billable
TS04679,EMP003,PRJ011,2024-10-14,5.0,internal
TS04680,EMP022,PRJ034,2024-05-30,7.5,billable
TS04681,EMP001,PRJ018,26.03.2025,1.0,billable
TS04682,EMP003,PRJ033,2025-04-02,3.6,internal
TS04683,EMP019,PRJ009,2024-02-21,6.8,internal
TS04684,EMP006,PRJ031,2024-08-01,7.7,internal
TS04685,EMP016,PRJ012,2024-03-15,2.1,billable
TS04686,EMP022,PRJ033,12/08/2025,3.4,billable
TS04687,EMP006,PRJ022,03.02.2025,3.7,billable
TS04688,EMP011,PRJ032,2025-07-04,2.5,billable
TS04689,EMP007,PRJ018,15.03.2024,6.7,internal
TS04690,EMP005,PRJ033,26/11/2024,4.0,internal
TS04691,EMP015,PRJ029,29/01/2024,6.2,internal
TS04692,EMP013,PRJ007,11/10/2024,6.5,billable
TS04693,EMP009,PRJ006,07/11/2025,4.4,billable
TS04694,EMP003,PRJ025,03/09/2024,4.5,billable
TS04695,EMP012,PRJ031,2025-12-25,4.4,billable
TS04696,EMP012,PRJ033,25/03/2025,4.0,billable
TS04697,EMP010,PRJ005,2024-10-07,2.2,billable
TS04698,EMP024,PRJ033,27.05.2025,4.3,billable
TS04699,EMP003,PRJ011,21.05.2024,2.4,billable
TS04700,EMP006,PRJ008,19/11/2024,4.9,billable
TS04701,EMP005,PRJ001,23/10/2024,6.0,internal
TS04702,EMP015,PRJ031,13/03/2024,3.5,internal
TS04703,EMP021,PRJ025,03.02.2025,1.0,billable
TS04704,EMP003,PRJ007,17/02/2025,5.8,billable
TS04705,EMP022,PRJ029,13.02.2025,7.5,internal
TS04706,EMP009,PRJ031,2025-02-07,1.3,billable
TS04707,EMP011,PRJ009,25/08/2025,4.1,billable
TS04708,EMP012,PRJ004,21/10/2024,5.0,billable
TS04709,EMP017,PRJ032,27/05/2024,,billable
TS04710,EMP003,PRJ024,2025-12-09,1.3,internal
TS04711,EMP022,PRJ015,22/10/2025,4.7,internal
TS04712,EMP016,PRJ009,2024-11-08,3.9,internal
TS04713,EMP003,PRJ017,10.09.2024,1.4,billable
TS04714,EMP008,PRJ016,2024-01-23,7.3,billable
TS04715,EMP022,PRJ002,14/02/2025,3.5,billable
TS04716,EMP012,PRJ009,16/12/2025,3.0,billable
TS04717,EMP007,PRJ027,15/09/2025,4.2,billable
TS04718,EMP011,PRJ005,2025-04-08,7.7,internal
TS04719,EMP003,PRJ016,02/12/2024,3.4,billable
TS04720,EMP008,PRJ014,09.07.2025,6.0,billable
TS04721,EMP022,PRJ017,2024-03-12,4.2,billable
TS04722,EMP002,PRJ008,2025-09-08,5.3,billable
TS04723,EMP014,PRJ009,27/09/2024,7.0,internal
TS04724,EMP006,PRJ013,06.02.2025,6.6,billable
TS04725,EMP012,PRJ008,13/05/2025,7.8,billable
TS04726,EMP020,PRJ004,02.04.2024,6.7,billable
TS04727,EMP016,PRJ005,15.09.2025,6.3,billable
TS04728,EMP022,PRJ009,10/01/2024,2.3,internal
TS04729,EMP004,PRJ024,14/10/2025,1.5,billable
TS04730,EMP013,PRJ011,08/11/2024,6.7,billable
TS04731,EMP004,PRJ026,2024-12-10,4.0,billable
TS04732,EMP012,PRJ003,2025-06-18,2.1,billable
TS04733,EMP022,PRJ035,2024-04-03,7.7,billable
TS04734,EMP020,PRJ034,2024-10-17,1.5,billable
TS04735,EMP017,PRJ020,15/07/2024,6.3,billable
TS04736,EMP024,PRJ014,09.09.2024,7.6,billable
TS04737,EMP020,PRJ030,26/01/2024,2.0,billable
TS04738,EMP001,PRJ001,2025-04-24,4.4,billable
TS04739,EMP023,PRJ016,14.05.2024,6.3,billable
TS04740,EMP012,PRJ022,2024-09-20,4.1,billable
TS04741,EMP008,PRJ022,26/11/2024,3.2,internal
TS04742,EMP013,PRJ027,2025-03-14,1.7,internal
TS04743,EMP019,PRJ009,2025-09-15,2.9,billable
TS04744,EMP012,PRJ004,2025-10-21,1.7,internal
TS04745,EMP014,PRJ011,28.04.2025,5.3,billable
TS04746,EMP006,PRJ019,02.04.2025,4.3,billable
TS04747,EMP020,PRJ003,14.08.2024,4.1,billable
TS04748,EMP012,PRJ016,05/08/2025,5.9,billable
TS04749,EMP010,PRJ012,27.03.2024,6.5,billable
TS04750,EMP023,PRJ026,2025-10-31,6.1,billable
TS04751,EMP009,PRJ013,07/02/2025,2.8,billable
TS04752,EMP006,PRJ027,25.08.2025,1.7,billable
TS04753,EMP001,PRJ004,21/04/2025,5.4,billable
TS04754,EMP011,PRJ011,17.04.2025,4.6,internal
TS04755,EMP018,PRJ021,2025-11-17,4.4,billable
TS04756,EMP007,PRJ003,2024-01-15,1.3,billable
TS04757,EMP005,PRJ022,10/06/2025,6.1,billable
TS04758,EMP010,PRJ026,2025-01-13,4.9,billable
TS04759,EMP015,PRJ002,04.09.2024,3.0,internal
TS04760,EMP010,PRJ025,30.12.2024,5.5,internal
TS04761,EMP010,PRJ005,2024-12-10,3.1,billable
TS04762,EMP016,PRJ014,19.11.2024,7.8,internal
TS04763,EMP016,PRJ026,05.08.2025,5.7,billable
TS04764,EMP011,PRJ027,2024-01-15,1.3,internal
TS04765,EMP011,PRJ010,05/07/2024,5.0,billable
TS04766,EMP003,PRJ001,2025-07-31,2.1,internal
TS04767,EMP011,PRJ023,06.05.2025,7.4,billable
TS04768,EMP008,PRJ032,10/02/2025,3.9,billable
TS04769,EMP007,PRJ004,08.07.2024,5.3,billable
TS04770,EMP005,PRJ012,27.08.2025,4.9,billable
TS04771,EMP025,PRJ010,14.11.2024,7.2,billable
TS04772,EMP012,PRJ003,01/04/2024,6.0,billable
TS04773,EMP018,PRJ017,29.01.2024,4.2,billable
TS04774,EMP007,PRJ004,14.07.2025,4.3,internal
TS04775,EMP016,PRJ026,15/04/2025,5.8,billable
TS04776,EMP013,PRJ028,05.02.2025,3.6,billable
TS04777,EMP001,PRJ020,05.08.2024,4.6,billable
TS04778,EMP001,PRJ034,02.12.2024,3.3,billable
TS04779,EMP006,PRJ025,2025-01-24,5.0,internal
TS04780,EMP011,PRJ029,11/06/2024,4.4,billable
TS04781,EMP018,PRJ011,29/04/2025,7.7,billable
TS04782,EMP022,PRJ016,16/09/2024,5.5,internal
TS04783,EMP012,PRJ007,2024-11-01,5.2,billable
TS04784,EMP017,PRJ026,21.06.2024,4.5,billable
TS04785,EMP016,PRJ011,07/10/2024,7.8,billable
TS04786,EMP022,PRJ024,26.03.2024,4.6,billable
TS04787,EMP008,PRJ020,08.10.2024,1.3,billable
TS04788,EMP004,PRJ035,10.09.2024,4.8,billable
TS04789,EMP014,PRJ005,2024-05-20,5.5,internal
TS04790,EMP008,PRJ001,2024-04-03,6.4,internal
TS04791,EMP013,PRJ014,2024-04-08,4.5,
TS04792,EMP019,PRJ007,2025-01-07,2.1,billable
TS04793,EMP021,PRJ014,26.11.2025,1.5,internal
TS04794,EMP016,PRJ003,08/07/2024,2.7,billable
TS04795,EMP004,PRJ012,2025-09-29,3.4,billable
TS04796,EMP016,PRJ021,2025-02-12,,
TS04797,EMP004,PRJ006,2025-04-21,3.6,billable
TS04798,EMP010,PRJ020,26.06.2025,2.7,internal
TS04799,EMP012,PRJ005,18/11/2024,3.0,billable
TS04800,EMP021,PRJ004,09/12/2025,4.9,billable
TS04801,EMP002,PRJ017,26.02.2024,,billable
TS04802,EMP018,PRJ013,2024-10-16,5.4,billable
TS04803,EMP004,PRJ025,13.11.2025,5.8,billable
TS04804,EMP009,PRJ005,15/07/2025,2.6,billable
TS04805,EMP006,PRJ024,2024-05-31,5.6,billable
TS04806,EMP014,PRJ030,31.07.2025,3.4,billable
TS04807,EMP006,PRJ025,2025-05-20,5.8,billable
TS04808,EMP004,PRJ028,24/04/2025,6.6,billable
TS04809,EMP001,PRJ012,25/11/2024,1.7,billable
TS04810,EMP014,PRJ029,2024-08-27,6.5,billable
TS04811,EMP016,PRJ022,01.08.2024,5.5,
TS04812,EMP003,PRJ034,14/10/2024,6.5,billable
TS04813,EMP011,PRJ001,24.06.2025,2.8,billable
TS04814,EMP015,PRJ004,26/08/2024,6.5,billable
TS04815,EMP024,PRJ001,2025-07-28,5.6,billable
TS04816,EMP022,PRJ019,13/02/2024,3.4,billable
TS04817,EMP003,PRJ032,18.06.2024,4.1,billable
TS04818,EMP024,PRJ009,15.07.2025,2.3,billable
TS04819,EMP001,PRJ024,2024-04-22,1.6,billable
TS04820,EMP007,PRJ025,30.06.2025,1.2,internal
TS04821,EMP010,PRJ003,14/02/2025,3.2,billable
TS04822,EMP016,PRJ005,02/04/2024,4.2,billable
TS04823,EMP015,PRJ028,06.06.2025,4.9,internal
TS04824,EMP009,PRJ004,03/04/2025,6.2,billable
TS04825,EMP003,PRJ016,09.07.2025,7.9,billable
TS04826,EMP025,PRJ018,09.12.2024,5.9,billable
TS04827,EMP003,PRJ022,2024-05-14,2.9,billable
TS04828,EMP005,PRJ007,07/04/2025,4.0,billable
TS04829,EMP002,PRJ009,05/06/2024,5.7,billable
TS04830,EMP008,PRJ020,07/04/2025,4.5,billable
TS04831,EMP007,PRJ010,01.03.2024,5.3,billable
TS04832,EMP009,PRJ034,31/07/2025,4.9,internal
TS04833,EMP015,PRJ011,2025-09-26,5.3,internal
TS04834,EMP016,PRJ002,18.06.2024,5.9,billable
TS04835,EMP022,PRJ028,19/07/2024,6.0,internal
TS04836,EMP010,PRJ018,20.05.2024,5.7,billable
TS04837,EMP013,PRJ023,14.05.2024,6.0,billable
TS04838,EMP015,PRJ026,2024-06-19,6.5,billable
TS04839,EMP008,PRJ016,15.11.2024,7.3,internal
TS04840,EMP014,PRJ028,2024-07-18,2.7,internal
TS04841,EMP003,PRJ024,11.02.2025,5.8,billable
TS04842,EMP014,PRJ014,14.02.2025,2.2,internal
TS04843,EMP007,PRJ024,15/04/2025,1.2,billable
TS04844,EMP024,PRJ020,2024-07-29,2.9,billable
TS04845,EMP011,PRJ017,12/08/2025,2.9,internal
TS04846,EMP025,PRJ006,2025-10-08,4.9,billable
TS04847,EMP013,PRJ016,2025-06-03,1.8,billable
TS04848,EMP014,PRJ018,19/05/2025,5.5,billable
TS04849,EMP019,PRJ033,2025-03-28,2.2,billable
TS04850,EMP020,PRJ034,2025-05-22,3.6,billable
TS04851,EMP002,PRJ030,19.11.2024,6.7,billable
TS04852,EMP009,PRJ031,2025-08-05,2.2,billable
TS04853,EMP018,PRJ011,2024-09-23,3.3,billable
TS04854,EMP005,PRJ017,2025-02-18,7.9,internal
TS04855,EMP022,PRJ025,21.06.2024,3.2,billable
TS04856,EMP014,PRJ001,11/03/2025,3.9,billable
TS04857,EMP020,PRJ027,05.09.2024,6.2,internal
TS04858,EMP003,PRJ034,2025-05-19,,billable
TS04859,EMP003,PRJ018,2025-03-24,1.6,billable
TS04860,EMP001,PRJ009,16/07/2024,1.6,billable
TS04861,EMP016,PRJ011,25/07/2025,7.5,billable
TS04862,EMP017,PRJ015,2025-10-16,1.9,internal
TS04863,EMP009,PRJ019,24.05.2024,3.6,internal
TS04864,EMP020,PRJ029,2025-06-03,7.1,billable
TS04865,EMP009,PRJ018,21/05/2024,2.8,billable
TS04866,EMP008,PRJ035,11.03.2025,1.5,internal
TS04867,EMP011,PRJ018,14.04.2025,7.8,billable
TS04868,EMP016,PRJ033,25/06/2024,5.2,billable
TS04869,EMP022,PRJ035,01/08/2024,3.7,billable
TS04870,EMP002,PRJ024,25.08.2025,2.5,billable
TS04871,EMP025,PRJ018,23/08/2024,5.0,internal
TS04872,EMP001,PRJ009,27/06/2025,3.5,billable
TS04873,EMP014,PRJ001,24.09.2025,3.9,billable
TS04874,EMP001,PRJ032,2024-12-02,6.9,internal
TS04875,EMP005,PRJ025,18.06.2024,5.6,billable
TS04876,EMP001,PRJ009,11.10.2024,3.4,billable
TS04877,EMP021,PRJ015,2024-11-25,3.8,billable
TS04878,EMP016,PRJ030,27.08.2025,3.3,internal
TS04879,EMP012,PRJ021,14/04/2025,7.3,billable
TS04880,EMP024,PRJ023,07/06/2024,3.3,billable
TS04881,EMP010,PRJ027,2025-04-15,6.6,internal
TS04882,EMP011,PRJ011,10.06.2024,7.0,billable
TS04883,EMP019,PRJ028,03.12.2024,7.1,billable
TS04884,EMP019,PRJ004,27.05.2024,1.4,billable
TS04885,EMP001,PRJ004,29.07.2025,2.8,billable
TS04886,EMP010,PRJ010,28/02/2025,4.9,billable
TS04887,EMP011,PRJ005,25.12.2025,8.0,billable
TS04888,EMP008,PRJ022,13/06/2024,5.3,billable
TS04889,EMP006,PRJ002,2024-10-04,1.4,billable
TS04890,EMP009,PRJ027,19.03.2024,1.5,billable
TS04891,EMP017,PRJ012,28.10.2025,3.7,billable
TS04892,EMP007,PRJ033,12.02.2024,3.0,billable
TS04893,EMP013,PRJ004,10.09.2024,2.4,internal
TS04894,EMP012,PRJ019,2024-10-15,1.6,billable
TS04895,EMP014,PRJ004,11.11.2025,2.3,billable
TS04896,EMP016,PRJ035,2024-02-19,6.1,billable
TS04897,EMP014,PRJ032,27/02/2025,4.5,billable
TS04898,EMP011,PRJ030,21/01/2025,3.2,billable
TS04899,EMP009,PRJ033,23.04.2024,5.3,internal
TS04900,EMP024,PRJ008,22.04.2024,7.3,billable
TS04901,EMP007,PRJ016,2024-02-20,4.8,billable
TS04902,EMP021,PRJ006,2024-07-29,3.6,billable
TS04903,EMP011,PRJ022,30/01/2024,4.3,
TS04904,EMP014,PRJ001,29/01/2025,4.1,billable
TS04905,EMP010,PRJ020,03/06/2025,4.3,billable
TS04906,EMP008,PRJ017,07.11.2025,2.0,billable
TS04907,EMP019,PRJ019,26/02/2024,4.1,billable
TS04908,EMP022,PRJ003,10/06/2024,2.6,internal
TS04909,EMP015,PRJ008,13/06/2024,3.6,billable
TS04910,EMP020,PRJ006,28.08.2025,5.7,internal
TS04911,EMP020,PRJ023,25.03.2024,3.7,billable
TS04912,EMP023,PRJ018,19/11/2024,6.9,billable
TS04913,EMP025,PRJ021,2024-05-27,2.7,billable
TS04914,EMP006,PRJ020,10.06.2024,7.8,internal
TS04915,EMP012,PRJ022,2024-09-18,4.5,billable
TS04916,EMP016,PRJ023,16/02/2024,1.9,billable
TS04917,EMP020,PRJ015,11/03/2025,4.4,internal
TS04918,EMP017,PRJ002,2024-02-28,6.6,billable
TS04919,EMP002,PRJ032,2024-09-04,2.9,internal
TS04920,EMP004,PRJ015,10.11.2025,3.1,billable
TS04921,EMP024,PRJ006,29/01/2025,7.2,billable
TS04922,EMP010,PRJ012,2025-05-29,6.0,billable
TS04923,EMP025,PRJ026,2025-05-16,5.8,billable
TS04924,EMP014,PRJ026,17/06/2025,7.5,billable
TS04925,EMP011,PRJ024,03/03/2025,5.7,billable
TS04926,EMP010,PRJ003,2025-08-04,2.7,internal
TS04927,EMP001,PRJ022,05.08.2025,7.2,billable
TS04928,EMP003,PRJ015,2024-07-31,5.1,billable
TS04929,EMP012,PRJ005,09/06/2025,2.0,billable
TS04930,EMP005,PRJ028,04/08/2025,4.2,billable
TS04931,EMP013,PRJ032,22.07.2025,3.1,billable
TS04932,EMP024,PRJ013,2024-03-28,5.0,internal
TS04933,EMP002,PRJ017,2025-12-26,2.4,billable
TS04934,EMP019,PRJ006,2025-03-10,2.8,billable
TS04935,EMP019,PRJ001,2024-04-23,4.4,billable
TS04936,EMP017,PRJ028,2024-09-06,4.3,billable
TS04937,EMP012,PRJ015,2025-02-03,1.0,internal
TS04938,EMP012,PRJ027,28/04/2025,2.4,billable
TS04939,EMP024,PRJ019,2024-06-19,6.4,
TS04940,EMP001,PRJ003,2024-08-12,7.0,
TS04941,EMP010,PRJ034,27.06.2024,6.0,billable
TS04942,EMP011,PRJ009,02/12/2025,6.1,internal
TS04943,EMP023,PRJ010,16.01.2024,7.8,
TS04944,EMP022,PRJ022,2025-06-03,5.7,billable
TS04945,EMP007,PRJ005,2025-12-30,1.7,billable
TS04946,EMP016,PRJ002,02/08/2024,5.5,billable
TS04947,EMP020,PRJ020,2025-05-06,2.2,billable
TS04948,EMP011,PRJ033,15.10.2024,3.4,billable
TS04949,EMP006,PRJ018,2024-02-01,6.8,billable
TS04950,EMP022,PRJ007,06.11.2025,2.4,billable
TS04951,EMP015,PRJ022,28.02.2025,4.2,billable
TS04952,EMP024,PRJ016,27.02.2024,3.6,billable
TS04953,EMP005,PRJ026,03.12.2024,2.1,internal
TS04954,EMP003,PRJ033,30.12.2024,2.1,billable
TS04955,EMP006,PRJ001,31.12.2025,1.5,billable
TS04956,EMP009,PRJ006,10/09/2024,3.8,billable
TS04957,EMP005,PRJ033,19/06/2024,7.7,billable
TS04958,EMP011,PRJ018,2025-12-26,7.5,billable
TS04959,EMP019,PRJ020,29/07/2025,7.0,billable
TS04960,EMP009,PRJ021,14/04/2025,4.4,internal
TS04961,EMP008,PRJ035,02/07/2025,6.9,
TS04962,EMP002,PRJ006,15/12/2025,3.6,billable
TS04963,EMP005,PRJ014,31/07/2025,5.9,internal
TS04964,EMP025,PRJ013,27.01.2025,6.6,internal
TS04965,EMP021,PRJ030,01/02/2024,3.9,billable
TS04966,EMP023,PRJ034,19/05/2025,4.7,internal
TS04967,EMP001,PRJ015,13.10.2025,6.0,billable
TS04968,EMP001,PRJ028,2025-02-11,7.0,billable
TS04969,EMP007,PRJ029,2024-08-16,3.1,billable
TS04970,EMP014,PRJ031,01.01.2024,4.2,billable
TS04971,EMP022,PRJ021,2025-05-19,6.6,internal
TS04972,EMP002,PRJ021,23.09.2024,3.7,billable
TS04973,EMP024,PRJ001,27/08/2025,7.6,internal
TS04974,EMP021,PRJ035,22.05.2025,6.2,billable
TS04975,EMP017,PRJ028,30/06/2025,1.9,internal
TS04976,EMP019,PRJ012,10/03/2025,6.9,billable
TS04977,EMP017,PRJ004,2025-12-03,1.2,billable
TS04978,EMP025,PRJ019,30/01/2025,1.9,billable
TS04979,EMP001,PRJ005,2025-08-18,5.7,internal
TS04980,EMP011,PRJ017,2025-02-05,4.1,internal
TS04981,EMP010,PRJ016,17.02.2025,6.3,billable
TS04982,EMP020,PRJ018,17/04/2024,2.5,billable
TS04983,EMP003,PRJ034,2024-08-12,2.0,billable
TS04984,EMP022,PRJ035,2025-10-14,2.8,internal
TS04985,EMP003,PRJ003,22.07.2024,6.3,
TS04986,EMP022,PRJ019,05/03/2024,6.8,billable
TS04987,EMP019,PRJ003,2025-12-02,2.6,internal
TS04988,EMP022,PRJ027,24.04.2025,3.7,billable
TS04989,EMP024,PRJ034,2025-08-14,7.6,internal
TS04990,EMP010,PRJ002,27/10/2025,2.5,billable
TS04991,EMP010,PRJ019,18.11.2025,5.9,billable
TS04992,EMP008,PRJ011,08.12.2025,6.3,billable
TS04993,EMP015,PRJ001,03.07.2024,,billable
TS04994,EMP004,PRJ023,2024-11-12,4.9,billable
TS04995,EMP004,PRJ005,28/04/2025,4.6,billable
TS04996,EMP015,PRJ032,14.03.2024,5.2,internal
TS04997,EMP025,PRJ003,21/08/2024,1.4,billable
TS04998,EMP002,PRJ023,2025-05-30,5.4,internal
TS04999,EMP014,PRJ001,2025-01-22,4.1,billable
TS05000,EMP009,PRJ031,11/11/2025,7.5,billable
